----------Transformer Params----------
thread num 1
layer num 1
PIM LUT binaries ./build/bin/dpu_bin_qkv ./build/bin/dpu_bin_o ./build/bin/dpu_bin_ffn1 ./build/bin/dpu_bin_ffn2
----------QKV LUT Params----------
index calc params:
num_threads 1
n 64, input feature len 32
num codebook 16, num centroid 16, sub vec len 2
n stile size 64, cb mtile size 16
lut kernel params:
n 64, output feature len 96, num codebook 16, num centroid 16
scale 0.100000, bias 0.200000
num threads 1, dpu num 8
input parallelism 1, lut parallelism 8, feature stile size 12, n stile size 64
n mtile size 64, feature mtile size 4, cb mtile size 16
lut load type 0, feature load tile size 8, cb load tile size 16
----------O LUT Params----------
index calc params:
num_threads 1
n 64, input feature len 32
num codebook 16, num centroid 16, sub vec len 2
n stile size 64, cb mtile size 16
lut kernel params:
n 64, output feature len 32, num codebook 16, num centroid 16
scale 0.100000, bias 0.200000
num threads 1, dpu num 8
input parallelism 1, lut parallelism 8, feature stile size 4, n stile size 64
n mtile size 64, feature mtile size 4, cb mtile size 16
lut load type 0, feature load tile size 8, cb load tile size 16
----------FFN1 LUT Params----------
index calc params:
num_threads 1
n 64, input feature len 32
num codebook 16, num centroid 16, sub vec len 2
n stile size 64, cb mtile size 16
lut kernel params:
n 64, output feature len 64, num codebook 16, num centroid 16
scale 0.100000, bias 0.200000
num threads 1, dpu num 8
input parallelism 1, lut parallelism 8, feature stile size 8, n stile size 64
n mtile size 64, feature mtile size 8, cb mtile size 16
lut load type 0, feature load tile size 8, cb load tile size 16
----------FFN2 LUT Params----------
index calc params:
num_threads 1
n 64, input feature len 64
num codebook 32, num centroid 16, sub vec len 2
n stile size 64, cb mtile size 16
lut kernel params:
n 64, output feature len 32, num codebook 32, num centroid 16
scale 0.100000, bias 0.200000
num threads 1, dpu num 8
input parallelism 1, lut parallelism 8, feature stile size 4, n stile size 64
n mtile size 64, feature mtile size 4, cb mtile size 16
lut load type 0, feature load tile size 8, cb load tile size 16
----------Attention Params----------
seq len 64, batch size 1, n 64
head num 1, head dim 32, token dim 32
dpu num 8, input parallelism 1, lut parallelism 8
n tile size 64, token tile size 4
num threads 1
-----------------------------------
parameter parsing time 0.001139
weight initialization time 0.003376
dpu allocate time 0.000002
--------------------------------------------
input initialization time 0.000025
index calculation time 0.000188
other latency 0.000061, data transfer latency 0.000000, pim kernel latency 0.000000
index calculation time 0.000330
other latency 0.000090, data transfer latency 0.000001, pim kernel latency 0.000000
index calculation time 0.000504
other latency 0.000131, data transfer latency 0.000001, pim kernel latency 0.000000
index calculation time 0.000837
other latency 0.000152, data transfer latency 0.000001, pim kernel latency 0.000000
amm time 0.001144, non amm time 0.000300
attention reorder time 0.000020, attention cpu compute time 0.000087
post o reorder+norm+residual time 0.000032, gelu+ffn1 reorder time 0.000049, post ffn2 reorder+norm+residual time 0.000031
tensor allocation overhead time 0.000008, other non amm time 0.000073
reorder breakdown: qkv_to_attention 0.000020, o 0.000012, ffn1 0.000016, ffn2 0.000013
host breakdown: attention 0.000087, reorder 0.000061, other 0.000152
iteration 0, inference time 0.001457
--------------------------------------------
input initialization time 0.000021
index calculation time 0.001126
other latency 0.000202, data transfer latency 0.000001, pim kernel latency 0.000000
index calculation time 0.001267
other latency 0.000220, data transfer latency 0.000001, pim kernel latency 0.000000
index calculation time 0.001439
other latency 0.000259, data transfer latency 0.000001, pim kernel latency 0.000000
index calculation time 0.001777
other latency 0.000276, data transfer latency 0.000001, pim kernel latency 0.000000
amm time 0.001167, non amm time 0.000174
attention reorder time 0.000013, attention cpu compute time 0.000075
post o reorder+norm+residual time 0.000022, gelu+ffn1 reorder time 0.000034, post ffn2 reorder+norm+residual time 0.000023
tensor allocation overhead time 0.000002, other non amm time 0.000005
reorder breakdown: qkv_to_attention 0.000013, o 0.000009, ffn1 0.000009, ffn2 0.000008
host breakdown: attention 0.000075, reorder 0.000039, other 0.000060
iteration 1, inference time 0.001349
--------------------------------------------
input initialization time 0.000021
index calculation time 0.001954
other latency 0.000327, data transfer latency 0.000001, pim kernel latency 0.000000
index calculation time 0.002093
other latency 0.000344, data transfer latency 0.000001, pim kernel latency 0.000000
index calculation time 0.002265
other latency 0.000376, data transfer latency 0.000001, pim kernel latency 0.000000
index calculation time 0.002596
other latency 0.000392, data transfer latency 0.000001, pim kernel latency 0.000000
amm time 0.001037, non amm time 0.000160
attention reorder time 0.000013, attention cpu compute time 0.000072
post o reorder+norm+residual time 0.000022, gelu+ffn1 reorder time 0.000025, post ffn2 reorder+norm+residual time 0.000023
tensor allocation overhead time 0.000000, other non amm time 0.000005
reorder breakdown: qkv_to_attention 0.000013, o 0.000008, ffn1 0.000009, ffn2 0.000008
host breakdown: attention 0.000072, reorder 0.000038, other 0.000050
iteration 2, inference time 0.001204
--------------------------------------------
input initialization time 0.000020
index calculation time 0.002773
other latency 0.000445, data transfer latency 0.000001, pim kernel latency 0.000000
index calculation time 0.002913
other latency 0.000461, data transfer latency 0.000001, pim kernel latency 0.000000
index calculation time 0.003094
other latency 0.000496, data transfer latency 0.000001, pim kernel latency 0.000000
index calculation time 0.003423
other latency 0.000514, data transfer latency 0.000001, pim kernel latency 0.000000
amm time 0.001047, non amm time 0.000158
attention reorder time 0.000013, attention cpu compute time 0.000072
post o reorder+norm+residual time 0.000021, gelu+ffn1 reorder time 0.000023, post ffn2 reorder+norm+residual time 0.000023
tensor allocation overhead time 0.000001, other non amm time 0.000005
reorder breakdown: qkv_to_attention 0.000013, o 0.000008, ffn1 0.000009, ffn2 0.000009
host breakdown: attention 0.000072, reorder 0.000039, other 0.000047
iteration 3, inference time 0.001213
--------------------------------------------
input initialization time 0.000021
index calculation time 0.003600
other latency 0.000565, data transfer latency 0.000001, pim kernel latency 0.000000
index calculation time 0.003739
other latency 0.000582, data transfer latency 0.000001, pim kernel latency 0.000000
index calculation time 0.003909
other latency 0.000613, data transfer latency 0.000001, pim kernel latency 0.000000
index calculation time 0.004241
other latency 0.000632, data transfer latency 0.000001, pim kernel latency 0.000000
amm time 0.001070, non amm time 0.000174
attention reorder time 0.000013, attention cpu compute time 0.000086
post o reorder+norm+residual time 0.000022, gelu+ffn1 reorder time 0.000023, post ffn2 reorder+norm+residual time 0.000024
tensor allocation overhead time 0.000001, other non amm time 0.000005
reorder breakdown: qkv_to_attention 0.000013, o 0.000008, ffn1 0.000009, ffn2 0.000009
host breakdown: attention 0.000086, reorder 0.000039, other 0.000049
iteration 4, inference time 0.001251
--------------------------------------------
input initialization time 0.000020
index calculation time 0.004425
other latency 0.000683, data transfer latency 0.000001, pim kernel latency 0.000000
index calculation time 0.004565
other latency 0.000700, data transfer latency 0.000001, pim kernel latency 0.000000
index calculation time 0.004737
other latency 0.000736, data transfer latency 0.000001, pim kernel latency 0.000000
index calculation time 0.005074
other latency 0.000753, data transfer latency 0.000001, pim kernel latency 0.000000
amm time 0.001049, non amm time 0.000160
attention reorder time 0.000013, attention cpu compute time 0.000072
post o reorder+norm+residual time 0.000022, gelu+ffn1 reorder time 0.000024, post ffn2 reorder+norm+residual time 0.000023
tensor allocation overhead time 0.000002, other non amm time 0.000004
reorder breakdown: qkv_to_attention 0.000013, o 0.000008, ffn1 0.000010, ffn2 0.000008
host breakdown: attention 0.000072, reorder 0.000039, other 0.000049
iteration 5, inference time 0.001216
--------------------------------------------
input initialization time 0.000021
index calculation time 0.005251
other latency 0.000804, data transfer latency 0.000001, pim kernel latency 0.000000
index calculation time 0.005391
other latency 0.000820, data transfer latency 0.000001, pim kernel latency 0.000000
index calculation time 0.005562
other latency 0.000853, data transfer latency 0.000001, pim kernel latency 0.000000
index calculation time 0.005898
other latency 0.000870, data transfer latency 0.000001, pim kernel latency 0.000000
amm time 0.001040, non amm time 0.000158
attention reorder time 0.000012, attention cpu compute time 0.000072
post o reorder+norm+residual time 0.000022, gelu+ffn1 reorder time 0.000023, post ffn2 reorder+norm+residual time 0.000023
tensor allocation overhead time 0.000001, other non amm time 0.000005
reorder breakdown: qkv_to_attention 0.000012, o 0.000008, ffn1 0.000009, ffn2 0.000008
host breakdown: attention 0.000072, reorder 0.000037, other 0.000049
iteration 6, inference time 0.001206
--------------------------------------------
input initialization time 0.000020
index calculation time 0.006074
other latency 0.000921, data transfer latency 0.000001, pim kernel latency 0.000000
index calculation time 0.006216
other latency 0.000937, data transfer latency 0.000002, pim kernel latency 0.000000
index calculation time 0.006395
other latency 0.000972, data transfer latency 0.000002, pim kernel latency 0.000000
index calculation time 0.006725
other latency 0.000988, data transfer latency 0.000003, pim kernel latency 0.000000
amm time 0.001040, non amm time 0.000158
attention reorder time 0.000012, attention cpu compute time 0.000072
post o reorder+norm+residual time 0.000022, gelu+ffn1 reorder time 0.000023, post ffn2 reorder+norm+residual time 0.000023
tensor allocation overhead time 0.000001, other non amm time 0.000005
reorder breakdown: qkv_to_attention 0.000012, o 0.000008, ffn1 0.000009, ffn2 0.000008
host breakdown: attention 0.000072, reorder 0.000037, other 0.000049
iteration 7, inference time 0.001205
--------------------------------------------
input initialization time 0.000020
index calculation time 0.006902
other latency 0.001040, data transfer latency 0.000003, pim kernel latency 0.000000
index calculation time 0.007050
other latency 0.001057, data transfer latency 0.000003, pim kernel latency 0.000000
index calculation time 0.007221
other latency 0.001089, data transfer latency 0.000003, pim kernel latency 0.000000
index calculation time 0.007550
other latency 0.001106, data transfer latency 0.000003, pim kernel latency 0.000000
amm time 0.001070, non amm time 0.000159
attention reorder time 0.000013, attention cpu compute time 0.000072
post o reorder+norm+residual time 0.000022, gelu+ffn1 reorder time 0.000023, post ffn2 reorder+norm+residual time 0.000024
tensor allocation overhead time 0.000000, other non amm time 0.000005
reorder breakdown: qkv_to_attention 0.000013, o 0.000009, ffn1 0.000009, ffn2 0.000009
host breakdown: attention 0.000072, reorder 0.000040, other 0.000047
iteration 8, inference time 0.001235
--------------------------------------------
input initialization time 0.000020
index calculation time 0.007739
other latency 0.001157, data transfer latency 0.000003, pim kernel latency 0.000000
index calculation time 0.007879
other latency 0.001174, data transfer latency 0.000003, pim kernel latency 0.000000
index calculation time 0.008049
other latency 0.001206, data transfer latency 0.000003, pim kernel latency 0.000000
index calculation time 0.008393
other latency 0.001224, data transfer latency 0.000003, pim kernel latency 0.000000
amm time 0.001061, non amm time 0.000163
attention reorder time 0.000013, attention cpu compute time 0.000072
post o reorder+norm+residual time 0.000022, gelu+ffn1 reorder time 0.000024, post ffn2 reorder+norm+residual time 0.000025
tensor allocation overhead time 0.000002, other non amm time 0.000005
reorder breakdown: qkv_to_attention 0.000013, o 0.000008, ffn1 0.000009, ffn2 0.000009
host breakdown: attention 0.000072, reorder 0.000039, other 0.000052
iteration 9, inference time 0.001231
--------------------------------------------
input initialization time 0.000021
index calculation time 0.008577
other latency 0.001280, data transfer latency 0.000003, pim kernel latency 0.000000
index calculation time 0.008721
other latency 0.001298, data transfer latency 0.000003, pim kernel latency 0.000000
index calculation time 0.008892
other latency 0.001337, data transfer latency 0.000003, pim kernel latency 0.000000
index calculation time 0.009224
other latency 0.001354, data transfer latency 0.000003, pim kernel latency 0.000000
amm time 0.001078, non amm time 0.000217
attention reorder time 0.000013, attention cpu compute time 0.000081
post o reorder+norm+residual time 0.000023, gelu+ffn1 reorder time 0.000065, post ffn2 reorder+norm+residual time 0.000024
tensor allocation overhead time 0.000002, other non amm time 0.000009
reorder breakdown: qkv_to_attention 0.000013, o 0.000009, ffn1 0.000010, ffn2 0.000009
host breakdown: attention 0.000081, reorder 0.000041, other 0.000095
iteration 10, inference time 0.001303
--------------------------------------------
input initialization time 0.000021
index calculation time 0.009401
other latency 0.001406, data transfer latency 0.000004, pim kernel latency 0.000000
index calculation time 0.009540
other latency 0.001423, data transfer latency 0.000004, pim kernel latency 0.000000
index calculation time 0.009712
other latency 0.001456, data transfer latency 0.000004, pim kernel latency 0.000001
index calculation time 0.010045
other latency 0.001472, data transfer latency 0.000004, pim kernel latency 0.000001
amm time 0.001055, non amm time 0.000172
attention reorder time 0.000013, attention cpu compute time 0.000075
post o reorder+norm+residual time 0.000023, gelu+ffn1 reorder time 0.000031, post ffn2 reorder+norm+residual time 0.000024
tensor allocation overhead time 0.000001, other non amm time 0.000005
reorder breakdown: qkv_to_attention 0.000013, o 0.000009, ffn1 0.000009, ffn2 0.000009
host breakdown: attention 0.000075, reorder 0.000040, other 0.000057
iteration 11, inference time 0.001232
--------------------------------------------
input initialization time 0.000020
index calculation time 0.010220
other latency 0.001523, data transfer latency 0.000004, pim kernel latency 0.000001
index calculation time 0.010361
other latency 0.001540, data transfer latency 0.000004, pim kernel latency 0.000001
index calculation time 0.010533
other latency 0.001577, data transfer latency 0.000004, pim kernel latency 0.000001
index calculation time 0.010863
other latency 0.001595, data transfer latency 0.000004, pim kernel latency 0.000001
amm time 0.001084, non amm time 0.000168
attention reorder time 0.000013, attention cpu compute time 0.000074
post o reorder+norm+residual time 0.000024, gelu+ffn1 reorder time 0.000028, post ffn2 reorder+norm+residual time 0.000023
tensor allocation overhead time 0.000000, other non amm time 0.000006
reorder breakdown: qkv_to_attention 0.000013, o 0.000010, ffn1 0.000009, ffn2 0.000008
host breakdown: attention 0.000074, reorder 0.000040, other 0.000054
iteration 12, inference time 0.001267
--------------------------------------------
input initialization time 0.000021
index calculation time 0.011040
other latency 0.001648, data transfer latency 0.000004, pim kernel latency 0.000001
index calculation time 0.011180
other latency 0.001665, data transfer latency 0.000004, pim kernel latency 0.000001
index calculation time 0.011352
other latency 0.001698, data transfer latency 0.000004, pim kernel latency 0.000001
index calculation time 0.011690
other latency 0.001715, data transfer latency 0.000005, pim kernel latency 0.000001
amm time 0.001045, non amm time 0.000160
attention reorder time 0.000012, attention cpu compute time 0.000071
post o reorder+norm+residual time 0.000022, gelu+ffn1 reorder time 0.000023, post ffn2 reorder+norm+residual time 0.000023
tensor allocation overhead time 0.000001, other non amm time 0.000008
reorder breakdown: qkv_to_attention 0.000012, o 0.000009, ffn1 0.000009, ffn2 0.000009
host breakdown: attention 0.000071, reorder 0.000039, other 0.000050
iteration 13, inference time 0.001212
--------------------------------------------
input initialization time 0.000020
index calculation time 0.011866
other latency 0.001767, data transfer latency 0.000005, pim kernel latency 0.000001
index calculation time 0.012007
other latency 0.001784, data transfer latency 0.000005, pim kernel latency 0.000001
index calculation time 0.012177
other latency 0.001820, data transfer latency 0.000005, pim kernel latency 0.000001
index calculation time 0.012510
other latency 0.001837, data transfer latency 0.000005, pim kernel latency 0.000001
amm time 0.001042, non amm time 0.000159
attention reorder time 0.000012, attention cpu compute time 0.000071
post o reorder+norm+residual time 0.000022, gelu+ffn1 reorder time 0.000023, post ffn2 reorder+norm+residual time 0.000024
tensor allocation overhead time 0.000001, other non amm time 0.000006
reorder breakdown: qkv_to_attention 0.000012, o 0.000008, ffn1 0.000009, ffn2 0.000009
host breakdown: attention 0.000071, reorder 0.000038, other 0.000050
iteration 14, inference time 0.001209
--------------------------------------------
10 rounds' average inference time 0.001232

----------Transformer Params----------
thread num 1
layer num 1
PIM LUT binaries ./build/bin/dpu_bin_qkv ./build/bin/dpu_bin_o ./build/bin/dpu_bin_ffn1 ./build/bin/dpu_bin_ffn2
----------QKV LUT Params----------
index calc params:
num_threads 1
n 64, input feature len 32
num codebook 16, num centroid 16, sub vec len 2
n stile size 64, cb mtile size 16
lut kernel params:
n 64, output feature len 96, num codebook 16, num centroid 16
scale 0.100000, bias 0.200000
num threads 1, dpu num 8
input parallelism 1, lut parallelism 8, feature stile size 12, n stile size 64
n mtile size 64, feature mtile size 4, cb mtile size 16
lut load type 0, feature load tile size 8, cb load tile size 16
----------O LUT Params----------
index calc params:
num_threads 1
n 64, input feature len 32
num codebook 16, num centroid 16, sub vec len 2
n stile size 64, cb mtile size 16
lut kernel params:
n 64, output feature len 32, num codebook 16, num centroid 16
scale 0.100000, bias 0.200000
num threads 1, dpu num 8
input parallelism 1, lut parallelism 8, feature stile size 4, n stile size 64
n mtile size 64, feature mtile size 4, cb mtile size 16
lut load type 0, feature load tile size 8, cb load tile size 16
----------FFN1 LUT Params----------
index calc params:
num_threads 1
n 64, input feature len 32
num codebook 16, num centroid 16, sub vec len 2
n stile size 64, cb mtile size 16
lut kernel params:
n 64, output feature len 64, num codebook 16, num centroid 16
scale 0.100000, bias 0.200000
num threads 1, dpu num 8
input parallelism 1, lut parallelism 8, feature stile size 8, n stile size 64
n mtile size 64, feature mtile size 8, cb mtile size 16
lut load type 0, feature load tile size 8, cb load tile size 16
----------FFN2 LUT Params----------
index calc params:
num_threads 1
n 64, input feature len 64
num codebook 32, num centroid 16, sub vec len 2
n stile size 64, cb mtile size 16
lut kernel params:
n 64, output feature len 32, num codebook 32, num centroid 16
scale 0.100000, bias 0.200000
num threads 1, dpu num 8
input parallelism 1, lut parallelism 8, feature stile size 4, n stile size 64
n mtile size 64, feature mtile size 4, cb mtile size 16
lut load type 0, feature load tile size 8, cb load tile size 16
----------Attention Params----------
seq len 64, batch size 1, n 64
head num 1, head dim 32, token dim 32
dpu num 8, input parallelism 1, lut parallelism 8
n tile size 64, token tile size 4
num threads 1
-----------------------------------
parameter parsing time 0.002000
weight initialization time 0.007422
dpu allocate time 0.000002
--------------------------------------------
input initialization time 0.000056
index calculation time 0.000605
other latency 0.000146, data transfer latency 0.000001, pim kernel latency 0.000000
index calculation time 0.000956
other latency 0.000200, data transfer latency 0.000001, pim kernel latency 0.000000
index calculation time 0.001364
other latency 0.000309, data transfer latency 0.000001, pim kernel latency 0.000000
index calculation time 0.002143
other latency 0.000362, data transfer latency 0.000002, pim kernel latency 0.000000
amm time 0.002850, non amm time 0.000675
attention reorder time 0.000043, attention cpu compute time 0.000197
post o reorder+norm+residual time 0.000075, gelu+ffn1 reorder time 0.000116, post ffn2 reorder+norm+residual time 0.000073
tensor allocation overhead time 0.000018, other non amm time 0.000153
reorder breakdown: qkv_to_attention 0.000043, o 0.000028, ffn1 0.000037, ffn2 0.000029
host breakdown: attention 0.000197, reorder 0.000137, other 0.000341
iteration 0, inference time 0.003558
--------------------------------------------
input initialization time 0.000050
index calculation time 0.002557
other latency 0.000474, data transfer latency 0.000002, pim kernel latency 0.000000
index calculation time 0.002879
other latency 0.000514, data transfer latency 0.000003, pim kernel latency 0.000000
index calculation time 0.003278
other latency 0.000601, data transfer latency 0.000003, pim kernel latency 0.000000
index calculation time 0.004050
other latency 0.000656, data transfer latency 0.000003, pim kernel latency 0.000001
amm time 0.002450, non amm time 0.000405
attention reorder time 0.000027, attention cpu compute time 0.000189
post o reorder+norm+residual time 0.000051, gelu+ffn1 reorder time 0.000064, post ffn2 reorder+norm+residual time 0.000055
tensor allocation overhead time 0.000001, other non amm time 0.000018
reorder breakdown: qkv_to_attention 0.000027, o 0.000019, ffn1 0.000021, ffn2 0.000019
host breakdown: attention 0.000189, reorder 0.000086, other 0.000130
iteration 1, inference time 0.002870
--------------------------------------------
input initialization time 0.000047
index calculation time 0.004467
other latency 0.000780, data transfer latency 0.000004, pim kernel latency 0.000001
index calculation time 0.004792
other latency 0.000823, data transfer latency 0.000005, pim kernel latency 0.000001
index calculation time 0.005193
other latency 0.000916, data transfer latency 0.000005, pim kernel latency 0.000001
index calculation time 0.005964
other latency 0.000970, data transfer latency 0.000005, pim kernel latency 0.000001
amm time 0.002469, non amm time 0.000417
attention reorder time 0.000026, attention cpu compute time 0.000204
post o reorder+norm+residual time 0.000051, gelu+ffn1 reorder time 0.000064, post ffn2 reorder+norm+residual time 0.000054
tensor allocation overhead time 0.000002, other non amm time 0.000016
reorder breakdown: qkv_to_attention 0.000026, o 0.000020, ffn1 0.000021, ffn2 0.000019
host breakdown: attention 0.000204, reorder 0.000086, other 0.000127
iteration 2, inference time 0.002900
--------------------------------------------
input initialization time 0.000048
index calculation time 0.006377
other latency 0.001093, data transfer latency 0.000005, pim kernel latency 0.000001
index calculation time 0.006724
other latency 0.001134, data transfer latency 0.000005, pim kernel latency 0.000001
index calculation time 0.007131
other latency 0.001245, data transfer latency 0.000005, pim kernel latency 0.000002
index calculation time 0.007924
other latency 0.001285, data transfer latency 0.000005, pim kernel latency 0.000002
amm time 0.002568, non amm time 0.000415
attention reorder time 0.000025, attention cpu compute time 0.000168
post o reorder+norm+residual time 0.000052, gelu+ffn1 reorder time 0.000098, post ffn2 reorder+norm+residual time 0.000056
tensor allocation overhead time 0.000004, other non amm time 0.000012
reorder breakdown: qkv_to_attention 0.000025, o 0.000020, ffn1 0.000027, ffn2 0.000020
host breakdown: attention 0.000168, reorder 0.000092, other 0.000155
iteration 3, inference time 0.002999
--------------------------------------------
input initialization time 0.000048
index calculation time 0.008338
other latency 0.001410, data transfer latency 0.000005, pim kernel latency 0.000002
index calculation time 0.008662
other latency 0.001450, data transfer latency 0.000005, pim kernel latency 0.000002
index calculation time 0.009064
other latency 0.001551, data transfer latency 0.000005, pim kernel latency 0.000002
index calculation time 0.009868
other latency 0.001593, data transfer latency 0.000005, pim kernel latency 0.000002
amm time 0.002638, non amm time 0.000426
attention reorder time 0.000028, attention cpu compute time 0.000196
post o reorder+norm+residual time 0.000053, gelu+ffn1 reorder time 0.000073, post ffn2 reorder+norm+residual time 0.000054
tensor allocation overhead time 0.000002, other non amm time 0.000020
reorder breakdown: qkv_to_attention 0.000028, o 0.000019, ffn1 0.000022, ffn2 0.000020
host breakdown: attention 0.000196, reorder 0.000089, other 0.000141
iteration 4, inference time 0.003079
--------------------------------------------
input initialization time 0.000048
index calculation time 0.010282
other latency 0.001715, data transfer latency 0.000006, pim kernel latency 0.000002
index calculation time 0.010607
other latency 0.001756, data transfer latency 0.000006, pim kernel latency 0.000002
index calculation time 0.011116
other latency 0.001847, data transfer latency 0.000007, pim kernel latency 0.000002
index calculation time 0.011908
other latency 0.001887, data transfer latency 0.000007, pim kernel latency 0.000002
amm time 0.002588, non amm time 0.000416
attention reorder time 0.000026, attention cpu compute time 0.000171
post o reorder+norm+residual time 0.000052, gelu+ffn1 reorder time 0.000059, post ffn2 reorder+norm+residual time 0.000053
tensor allocation overhead time 0.000003, other non amm time 0.000052
reorder breakdown: qkv_to_attention 0.000026, o 0.000020, ffn1 0.000021, ffn2 0.000019
host breakdown: attention 0.000171, reorder 0.000086, other 0.000158
iteration 5, inference time 0.003019
--------------------------------------------
input initialization time 0.000047
index calculation time 0.012321
other latency 0.002044, data transfer latency 0.000007, pim kernel latency 0.000002
index calculation time 0.012645
other latency 0.002083, data transfer latency 0.000008, pim kernel latency 0.000002
index calculation time 0.013069
other latency 0.002159, data transfer latency 0.000008, pim kernel latency 0.000002
index calculation time 0.013870
other latency 0.002200, data transfer latency 0.000008, pim kernel latency 0.000002
amm time 0.002543, non amm time 0.000376
attention reorder time 0.000028, attention cpu compute time 0.000168
post o reorder+norm+residual time 0.000052, gelu+ffn1 reorder time 0.000056, post ffn2 reorder+norm+residual time 0.000054
tensor allocation overhead time 0.000003, other non amm time 0.000015
reorder breakdown: qkv_to_attention 0.000028, o 0.000020, ffn1 0.000021, ffn2 0.000019
host breakdown: attention 0.000168, reorder 0.000088, other 0.000120
iteration 6, inference time 0.002934
--------------------------------------------
input initialization time 0.000047
index calculation time 0.014282
other latency 0.002373, data transfer latency 0.000008, pim kernel latency 0.000002
index calculation time 0.014604
other latency 0.002412, data transfer latency 0.000008, pim kernel latency 0.000002
index calculation time 0.015020
other latency 0.002498, data transfer latency 0.000008, pim kernel latency 0.000002
index calculation time 0.015812
other latency 0.002537, data transfer latency 0.000009, pim kernel latency 0.000002
amm time 0.002511, non amm time 0.000370
attention reorder time 0.000025, attention cpu compute time 0.000167
post o reorder+norm+residual time 0.000051, gelu+ffn1 reorder time 0.000056, post ffn2 reorder+norm+residual time 0.000053
tensor allocation overhead time 0.000004, other non amm time 0.000014
reorder breakdown: qkv_to_attention 0.000025, o 0.000019, ffn1 0.000021, ffn2 0.000019
host breakdown: attention 0.000167, reorder 0.000084, other 0.000119
iteration 7, inference time 0.002928
--------------------------------------------
input initialization time 0.000047
index calculation time 0.016222
other latency 0.002673, data transfer latency 0.000009, pim kernel latency 0.000002
index calculation time 0.016543
other latency 0.002712, data transfer latency 0.000009, pim kernel latency 0.000002
index calculation time 0.016956
other latency 0.002788, data transfer latency 0.000009, pim kernel latency 0.000003
index calculation time 0.017740
other latency 0.002829, data transfer latency 0.000009, pim kernel latency 0.000003
amm time 0.002538, non amm time 0.000369
attention reorder time 0.000026, attention cpu compute time 0.000167
post o reorder+norm+residual time 0.000051, gelu+ffn1 reorder time 0.000055, post ffn2 reorder+norm+residual time 0.000055
tensor allocation overhead time 0.000004, other non amm time 0.000011
reorder breakdown: qkv_to_attention 0.000026, o 0.000019, ffn1 0.000021, ffn2 0.000020
host breakdown: attention 0.000167, reorder 0.000086, other 0.000116
iteration 8, inference time 0.002921
--------------------------------------------
input initialization time 0.000048
index calculation time 0.018153
other latency 0.002949, data transfer latency 0.000009, pim kernel latency 0.000003
index calculation time 0.018477
other latency 0.002988, data transfer latency 0.000010, pim kernel latency 0.000003
index calculation time 0.018888
other latency 0.003064, data transfer latency 0.000010, pim kernel latency 0.000003
index calculation time 0.019685
other latency 0.003103, data transfer latency 0.000011, pim kernel latency 0.000003
amm time 0.002463, non amm time 0.000390
attention reorder time 0.000026, attention cpu compute time 0.000168
post o reorder+norm+residual time 0.000051, gelu+ffn1 reorder time 0.000056, post ffn2 reorder+norm+residual time 0.000054
tensor allocation overhead time 0.000022, other non amm time 0.000013
reorder breakdown: qkv_to_attention 0.000026, o 0.000020, ffn1 0.000021, ffn2 0.000020
host breakdown: attention 0.000168, reorder 0.000087, other 0.000135
iteration 9, inference time 0.002867
--------------------------------------------
input initialization time 0.000047
index calculation time 0.020096
other latency 0.003225, data transfer latency 0.000012, pim kernel latency 0.000003
index calculation time 0.020420
other latency 0.003263, data transfer latency 0.000012, pim kernel latency 0.000004
index calculation time 0.020838
other latency 0.003348, data transfer latency 0.000012, pim kernel latency 0.000004
index calculation time 0.021622
other latency 0.003387, data transfer latency 0.000012, pim kernel latency 0.000004
amm time 0.002459, non amm time 0.000390
attention reorder time 0.000026, attention cpu compute time 0.000184
post o reorder+norm+residual time 0.000051, gelu+ffn1 reorder time 0.000058, post ffn2 reorder+norm+residual time 0.000054
tensor allocation overhead time 0.000003, other non amm time 0.000014
reorder breakdown: qkv_to_attention 0.000026, o 0.000019, ffn1 0.000022, ffn2 0.000019
host breakdown: attention 0.000184, reorder 0.000086, other 0.000120
iteration 10, inference time 0.002863
--------------------------------------------
input initialization time 0.000047
index calculation time 0.022033
other latency 0.003509, data transfer latency 0.000012, pim kernel latency 0.000004
index calculation time 0.022357
other latency 0.003549, data transfer latency 0.000013, pim kernel latency 0.000004
index calculation time 0.022755
other latency 0.003639, data transfer latency 0.000013, pim kernel latency 0.000004
index calculation time 0.023524
other latency 0.003679, data transfer latency 0.000013, pim kernel latency 0.000004
amm time 0.002422, non amm time 0.000404
attention reorder time 0.000025, attention cpu compute time 0.000182
post o reorder+norm+residual time 0.000051, gelu+ffn1 reorder time 0.000055, post ffn2 reorder+norm+residual time 0.000076
tensor allocation overhead time 0.000002, other non amm time 0.000013
reorder breakdown: qkv_to_attention 0.000025, o 0.000020, ffn1 0.000020, ffn2 0.000041
host breakdown: attention 0.000182, reorder 0.000106, other 0.000116
iteration 11, inference time 0.002843
--------------------------------------------
input initialization time 0.000047
index calculation time 0.023933
other latency 0.003800, data transfer latency 0.000013, pim kernel latency 0.000004
index calculation time 0.024269
other latency 0.003840, data transfer latency 0.000013, pim kernel latency 0.000004
index calculation time 0.024668
other latency 0.003954, data transfer latency 0.000014, pim kernel latency 0.000004
index calculation time 0.025437
other latency 0.003994, data transfer latency 0.000014, pim kernel latency 0.000004
amm time 0.002528, non amm time 0.000386
attention reorder time 0.000025, attention cpu compute time 0.000167
post o reorder+norm+residual time 0.000050, gelu+ffn1 reorder time 0.000057, post ffn2 reorder+norm+residual time 0.000072
tensor allocation overhead time 0.000002, other non amm time 0.000013
reorder breakdown: qkv_to_attention 0.000025, o 0.000019, ffn1 0.000022, ffn2 0.000019
host breakdown: attention 0.000167, reorder 0.000085, other 0.000134
iteration 12, inference time 0.002928
--------------------------------------------
input initialization time 0.000048
index calculation time 0.025849
other latency 0.004117, data transfer latency 0.000014, pim kernel latency 0.000004
index calculation time 0.026191
other latency 0.004157, data transfer latency 0.000014, pim kernel latency 0.000004
index calculation time 0.026587
other latency 0.004233, data transfer latency 0.000015, pim kernel latency 0.000004
index calculation time 0.027358
other latency 0.004273, data transfer latency 0.000015, pim kernel latency 0.000004
amm time 0.002437, non amm time 0.000380
attention reorder time 0.000026, attention cpu compute time 0.000167
post o reorder+norm+residual time 0.000051, gelu+ffn1 reorder time 0.000067, post ffn2 reorder+norm+residual time 0.000054
tensor allocation overhead time 0.000002, other non amm time 0.000013
reorder breakdown: qkv_to_attention 0.000026, o 0.000019, ffn1 0.000034, ffn2 0.000020
host breakdown: attention 0.000167, reorder 0.000099, other 0.000114
iteration 13, inference time 0.002831
--------------------------------------------
input initialization time 0.000066
index calculation time 0.027769
other latency 0.004394, data transfer latency 0.000015, pim kernel latency 0.000004
index calculation time 0.028106
other latency 0.004432, data transfer latency 0.000015, pim kernel latency 0.000004
index calculation time 0.028505
other latency 0.004516, data transfer latency 0.000015, pim kernel latency 0.000004
index calculation time 0.029303
other latency 0.004555, data transfer latency 0.000015, pim kernel latency 0.000004
amm time 0.002462, non amm time 0.000368
attention reorder time 0.000026, attention cpu compute time 0.000167
post o reorder+norm+residual time 0.000051, gelu+ffn1 reorder time 0.000055, post ffn2 reorder+norm+residual time 0.000054
tensor allocation overhead time 0.000002, other non amm time 0.000013
reorder breakdown: qkv_to_attention 0.000026, o 0.000020, ffn1 0.000021, ffn2 0.000019
host breakdown: attention 0.000167, reorder 0.000086, other 0.000115
iteration 14, inference time 0.002844
--------------------------------------------
10 rounds' average inference time 0.002898

----------Transformer Params----------
thread num 1
layer num 1
PIM LUT binaries ./build/bin/dpu_bin_qkv ./build/bin/dpu_bin_o ./build/bin/dpu_bin_ffn1 ./build/bin/dpu_bin_ffn2
----------QKV LUT Params----------
index calc params:
num_threads 1
n 64, input feature len 32
num codebook 16, num centroid 16, sub vec len 2
n stile size 64, cb mtile size 16
lut kernel params:
n 64, output feature len 96, num codebook 16, num centroid 16
scale 0.100000, bias 0.200000
num threads 1, dpu num 8
input parallelism 1, lut parallelism 8, feature stile size 12, n stile size 64
n mtile size 64, feature mtile size 4, cb mtile size 16
lut load type 0, feature load tile size 8, cb load tile size 16
----------O LUT Params----------
index calc params:
num_threads 1
n 64, input feature len 32
num codebook 16, num centroid 16, sub vec len 2
n stile size 64, cb mtile size 16
lut kernel params:
n 64, output feature len 32, num codebook 16, num centroid 16
scale 0.100000, bias 0.200000
num threads 1, dpu num 8
input parallelism 1, lut parallelism 8, feature stile size 4, n stile size 64
n mtile size 64, feature mtile size 4, cb mtile size 16
lut load type 0, feature load tile size 8, cb load tile size 16
----------FFN1 LUT Params----------
index calc params:
num_threads 1
n 64, input feature len 32
num codebook 16, num centroid 16, sub vec len 2
n stile size 64, cb mtile size 16
lut kernel params:
n 64, output feature len 64, num codebook 16, num centroid 16
scale 0.100000, bias 0.200000
num threads 1, dpu num 8
input parallelism 1, lut parallelism 8, feature stile size 8, n stile size 64
n mtile size 64, feature mtile size 8, cb mtile size 16
lut load type 0, feature load tile size 8, cb load tile size 16
----------FFN2 LUT Params----------
index calc params:
num_threads 1
n 64, input feature len 64
num codebook 32, num centroid 16, sub vec len 2
n stile size 64, cb mtile size 16
lut kernel params:
n 64, output feature len 32, num codebook 32, num centroid 16
scale 0.100000, bias 0.200000
num threads 1, dpu num 8
input parallelism 1, lut parallelism 8, feature stile size 4, n stile size 64
n mtile size 64, feature mtile size 4, cb mtile size 16
lut load type 0, feature load tile size 8, cb load tile size 16
----------Attention Params----------
seq len 64, batch size 1, n 64
head num 1, head dim 32, token dim 32
dpu num 8, input parallelism 1, lut parallelism 8
n tile size 64, token tile size 4
num threads 1
-----------------------------------
parameter parsing time 0.002751
weight initialization time 0.008245
dpu allocate time 0.000003
--------------------------------------------
input initialization time 0.000058
index calculation time 0.000469
other latency 0.000155, data transfer latency 0.000000, pim kernel latency 0.000000
index calculation time 0.000803
other latency 0.000207, data transfer latency 0.000000, pim kernel latency 0.000000
index calculation time 0.001244
other latency 0.000305, data transfer latency 0.000001, pim kernel latency 0.000000
index calculation time 0.002053
other latency 0.000359, data transfer latency 0.000001, pim kernel latency 0.000000
amm time 0.002745, non amm time 0.000688
attention reorder time 0.000052, attention cpu compute time 0.000238
post o reorder+norm+residual time 0.000077, gelu+ffn1 reorder time 0.000097, post ffn2 reorder+norm+residual time 0.000072
tensor allocation overhead time 0.000017, other non amm time 0.000135
reorder breakdown: qkv_to_attention 0.000052, o 0.000032, ffn1 0.000036, ffn2 0.000028
host breakdown: attention 0.000238, reorder 0.000148, other 0.000302
iteration 0, inference time 0.003456
--------------------------------------------
input initialization time 0.000050
index calculation time 0.002470
other latency 0.000494, data transfer latency 0.000001, pim kernel latency 0.000000
index calculation time 0.002798
other latency 0.000534, data transfer latency 0.000001, pim kernel latency 0.000000
index calculation time 0.003236
other latency 0.000620, data transfer latency 0.000002, pim kernel latency 0.000000
index calculation time 0.004039
other latency 0.000660, data transfer latency 0.000002, pim kernel latency 0.000000
amm time 0.002548, non amm time 0.000422
attention reorder time 0.000026, attention cpu compute time 0.000201
post o reorder+norm+residual time 0.000055, gelu+ffn1 reorder time 0.000067, post ffn2 reorder+norm+residual time 0.000054
tensor allocation overhead time 0.000002, other non amm time 0.000017
reorder breakdown: qkv_to_attention 0.000026, o 0.000023, ffn1 0.000022, ffn2 0.000019
host breakdown: attention 0.000201, reorder 0.000090, other 0.000131
iteration 1, inference time 0.002985
--------------------------------------------
input initialization time 0.000048
index calculation time 0.004460
other latency 0.000798, data transfer latency 0.000002, pim kernel latency 0.000000
index calculation time 0.004788
other latency 0.000837, data transfer latency 0.000002, pim kernel latency 0.000001
index calculation time 0.005224
other latency 0.000914, data transfer latency 0.000002, pim kernel latency 0.000001
index calculation time 0.006034
other latency 0.000941, data transfer latency 0.000002, pim kernel latency 0.000001
amm time 0.002584, non amm time 0.000360
attention reorder time 0.000026, attention cpu compute time 0.000168
post o reorder+norm+residual time 0.000053, gelu+ffn1 reorder time 0.000059, post ffn2 reorder+norm+residual time 0.000038
tensor allocation overhead time 0.000002, other non amm time 0.000014
reorder breakdown: qkv_to_attention 0.000026, o 0.000022, ffn1 0.000021, ffn2 0.000014
host breakdown: attention 0.000168, reorder 0.000083, other 0.000109
iteration 2, inference time 0.002955
--------------------------------------------
input initialization time 0.000033
index calculation time 0.006319
other latency 0.001024, data transfer latency 0.000002, pim kernel latency 0.000001
index calculation time 0.006546
other latency 0.001052, data transfer latency 0.000002, pim kernel latency 0.000001
index calculation time 0.006824
other latency 0.001112, data transfer latency 0.000002, pim kernel latency 0.000001
index calculation time 0.007378
other latency 0.001140, data transfer latency 0.000002, pim kernel latency 0.000001
amm time 0.001708, non amm time 0.000271
attention reorder time 0.000018, attention cpu compute time 0.000128
post o reorder+norm+residual time 0.000038, gelu+ffn1 reorder time 0.000038, post ffn2 reorder+norm+residual time 0.000037
tensor allocation overhead time 0.000002, other non amm time 0.000010
reorder breakdown: qkv_to_attention 0.000018, o 0.000016, ffn1 0.000015, ffn2 0.000014
host breakdown: attention 0.000128, reorder 0.000063, other 0.000080
iteration 3, inference time 0.001989
--------------------------------------------
input initialization time 0.000033
index calculation time 0.007666
other latency 0.001224, data transfer latency 0.000003, pim kernel latency 0.000001
index calculation time 0.007895
other latency 0.001251, data transfer latency 0.000003, pim kernel latency 0.000001
index calculation time 0.008173
other latency 0.001303, data transfer latency 0.000003, pim kernel latency 0.000001
index calculation time 0.008727
other latency 0.001332, data transfer latency 0.000003, pim kernel latency 0.000001
amm time 0.001788, non amm time 0.000286
attention reorder time 0.000018, attention cpu compute time 0.000125
post o reorder+norm+residual time 0.000038, gelu+ffn1 reorder time 0.000042, post ffn2 reorder+norm+residual time 0.000038
tensor allocation overhead time 0.000001, other non amm time 0.000024
reorder breakdown: qkv_to_attention 0.000018, o 0.000016, ffn1 0.000014, ffn2 0.000013
host breakdown: attention 0.000125, reorder 0.000061, other 0.000100
iteration 4, inference time 0.002086
--------------------------------------------
input initialization time 0.000033
index calculation time 0.009012
other latency 0.001416, data transfer latency 0.000003, pim kernel latency 0.000001
index calculation time 0.009239
other latency 0.001444, data transfer latency 0.000003, pim kernel latency 0.000001
index calculation time 0.009517
other latency 0.001503, data transfer latency 0.000003, pim kernel latency 0.000001
index calculation time 0.010051
other latency 0.001530, data transfer latency 0.000003, pim kernel latency 0.000001
amm time 0.001719, non amm time 0.000299
attention reorder time 0.000017, attention cpu compute time 0.000117
post o reorder+norm+residual time 0.000038, gelu+ffn1 reorder time 0.000078, post ffn2 reorder+norm+residual time 0.000038
tensor allocation overhead time 0.000001, other non amm time 0.000010
reorder breakdown: qkv_to_attention 0.000017, o 0.000016, ffn1 0.000016, ffn2 0.000013
host breakdown: attention 0.000117, reorder 0.000062, other 0.000120
iteration 5, inference time 0.002027
--------------------------------------------
input initialization time 0.000033
index calculation time 0.010361
other latency 0.001617, data transfer latency 0.000003, pim kernel latency 0.000001
index calculation time 0.010589
other latency 0.001644, data transfer latency 0.000004, pim kernel latency 0.000001
index calculation time 0.010866
other latency 0.001703, data transfer latency 0.000005, pim kernel latency 0.000001
index calculation time 0.011399
other latency 0.001731, data transfer latency 0.000005, pim kernel latency 0.000001
amm time 0.001750, non amm time 0.000271
attention reorder time 0.000018, attention cpu compute time 0.000118
post o reorder+norm+residual time 0.000038, gelu+ffn1 reorder time 0.000047, post ffn2 reorder+norm+residual time 0.000038
tensor allocation overhead time 0.000001, other non amm time 0.000011
reorder breakdown: qkv_to_attention 0.000018, o 0.000015, ffn1 0.000016, ffn2 0.000014
host breakdown: attention 0.000118, reorder 0.000063, other 0.000090
iteration 6, inference time 0.002032
--------------------------------------------
input initialization time 0.000033
index calculation time 0.011703
other latency 0.001815, data transfer latency 0.000005, pim kernel latency 0.000001
index calculation time 0.011877
other latency 0.001835, data transfer latency 0.000006, pim kernel latency 0.000001
index calculation time 0.012090
other latency 0.001881, data transfer latency 0.000006, pim kernel latency 0.000001
index calculation time 0.012516
other latency 0.001902, data transfer latency 0.000006, pim kernel latency 0.000001
amm time 0.001419, non amm time 0.000221
attention reorder time 0.000033, attention cpu compute time 0.000089
post o reorder+norm+residual time 0.000028, gelu+ffn1 reorder time 0.000032, post ffn2 reorder+norm+residual time 0.000028
tensor allocation overhead time 0.000004, other non amm time 0.000006
reorder breakdown: qkv_to_attention 0.000033, o 0.000012, ffn1 0.000012, ffn2 0.000010
host breakdown: attention 0.000089, reorder 0.000067, other 0.000064
iteration 7, inference time 0.001647
--------------------------------------------
input initialization time 0.000025
index calculation time 0.012735
other latency 0.001967, data transfer latency 0.000006, pim kernel latency 0.000001
index calculation time 0.012926
other latency 0.001988, data transfer latency 0.000006, pim kernel latency 0.000001
index calculation time 0.013138
other latency 0.002029, data transfer latency 0.000006, pim kernel latency 0.000001
index calculation time 0.013546
other latency 0.002065, data transfer latency 0.000007, pim kernel latency 0.000001
amm time 0.001358, non amm time 0.000206
attention reorder time 0.000014, attention cpu compute time 0.000089
post o reorder+norm+residual time 0.000028, gelu+ffn1 reorder time 0.000036, post ffn2 reorder+norm+residual time 0.000030
tensor allocation overhead time 0.000004, other non amm time 0.000005
reorder breakdown: qkv_to_attention 0.000014, o 0.000012, ffn1 0.000012, ffn2 0.000012
host breakdown: attention 0.000089, reorder 0.000050, other 0.000067
iteration 8, inference time 0.001572
--------------------------------------------
input initialization time 0.000025
index calculation time 0.013764
other latency 0.002129, data transfer latency 0.000007, pim kernel latency 0.000002
index calculation time 0.013937
other latency 0.002151, data transfer latency 0.000007, pim kernel latency 0.000002
index calculation time 0.014160
other latency 0.002191, data transfer latency 0.000008, pim kernel latency 0.000002
index calculation time 0.014566
other latency 0.002212, data transfer latency 0.000008, pim kernel latency 0.000002
amm time 0.001301, non amm time 0.000198
attention reorder time 0.000013, attention cpu compute time 0.000088
post o reorder+norm+residual time 0.000028, gelu+ffn1 reorder time 0.000031, post ffn2 reorder+norm+residual time 0.000028
tensor allocation overhead time 0.000001, other non amm time 0.000009
reorder breakdown: qkv_to_attention 0.000013, o 0.000012, ffn1 0.000011, ffn2 0.000010
host breakdown: attention 0.000088, reorder 0.000046, other 0.000063
iteration 9, inference time 0.001508
--------------------------------------------
input initialization time 0.000025
index calculation time 0.014789
other latency 0.002278, data transfer latency 0.000009, pim kernel latency 0.000002
index calculation time 0.014968
other latency 0.002300, data transfer latency 0.000010, pim kernel latency 0.000002
index calculation time 0.015186
other latency 0.002351, data transfer latency 0.000010, pim kernel latency 0.000002
index calculation time 0.015615
other latency 0.002372, data transfer latency 0.000010, pim kernel latency 0.000002
amm time 0.001370, non amm time 0.000256
attention reorder time 0.000033, attention cpu compute time 0.000099
post o reorder+norm+residual time 0.000031, gelu+ffn1 reorder time 0.000049, post ffn2 reorder+norm+residual time 0.000029
tensor allocation overhead time 0.000000, other non amm time 0.000015
reorder breakdown: qkv_to_attention 0.000033, o 0.000012, ffn1 0.000012, ffn2 0.000010
host breakdown: attention 0.000099, reorder 0.000067, other 0.000090
iteration 10, inference time 0.001635
--------------------------------------------
input initialization time 0.000026
index calculation time 0.015833
other latency 0.002437, data transfer latency 0.000010, pim kernel latency 0.000002
index calculation time 0.016007
other latency 0.002459, data transfer latency 0.000010, pim kernel latency 0.000002
index calculation time 0.016221
other latency 0.002500, data transfer latency 0.000010, pim kernel latency 0.000002
index calculation time 0.016630
other latency 0.002521, data transfer latency 0.000011, pim kernel latency 0.000002
amm time 0.001295, non amm time 0.000237
attention reorder time 0.000014, attention cpu compute time 0.000093
post o reorder+norm+residual time 0.000052, gelu+ffn1 reorder time 0.000040, post ffn2 reorder+norm+residual time 0.000029
tensor allocation overhead time 0.000000, other non amm time 0.000009
reorder breakdown: qkv_to_attention 0.000014, o 0.000012, ffn1 0.000011, ffn2 0.000011
host breakdown: attention 0.000093, reorder 0.000048, other 0.000096
iteration 11, inference time 0.001540
--------------------------------------------
input initialization time 0.000026
index calculation time 0.016864
other latency 0.002585, data transfer latency 0.000011, pim kernel latency 0.000002
index calculation time 0.017039
other latency 0.002606, data transfer latency 0.000011, pim kernel latency 0.000002
index calculation time 0.017250
other latency 0.002651, data transfer latency 0.000011, pim kernel latency 0.000002
index calculation time 0.017678
other latency 0.002668, data transfer latency 0.000011, pim kernel latency 0.000002
amm time 0.001340, non amm time 0.000202
attention reorder time 0.000014, attention cpu compute time 0.000091
post o reorder+norm+residual time 0.000029, gelu+ffn1 reorder time 0.000036, post ffn2 reorder+norm+residual time 0.000023
tensor allocation overhead time 0.000004, other non amm time 0.000005
reorder breakdown: qkv_to_attention 0.000014, o 0.000012, ffn1 0.000011, ffn2 0.000008
host breakdown: attention 0.000091, reorder 0.000045, other 0.000066
iteration 12, inference time 0.001549
--------------------------------------------
input initialization time 0.000020
index calculation time 0.017857
other latency 0.002721, data transfer latency 0.000011, pim kernel latency 0.000002
index calculation time 0.017997
other latency 0.002738, data transfer latency 0.000011, pim kernel latency 0.000002
index calculation time 0.018167
other latency 0.002770, data transfer latency 0.000011, pim kernel latency 0.000002
index calculation time 0.018496
other latency 0.002786, data transfer latency 0.000011, pim kernel latency 0.000002
amm time 0.001038, non amm time 0.000173
attention reorder time 0.000011, attention cpu compute time 0.000072
post o reorder+norm+residual time 0.000034, gelu+ffn1 reorder time 0.000026, post ffn2 reorder+norm+residual time 0.000023
tensor allocation overhead time 0.000002, other non amm time 0.000005
reorder breakdown: qkv_to_attention 0.000011, o 0.000017, ffn1 0.000009, ffn2 0.000009
host breakdown: attention 0.000072, reorder 0.000046, other 0.000055
iteration 13, inference time 0.001218
--------------------------------------------
input initialization time 0.000021
index calculation time 0.018671
other latency 0.002836, data transfer latency 0.000012, pim kernel latency 0.000002
index calculation time 0.018811
other latency 0.002853, data transfer latency 0.000012, pim kernel latency 0.000002
index calculation time 0.018981
other latency 0.002889, data transfer latency 0.000012, pim kernel latency 0.000002
index calculation time 0.019310
other latency 0.002907, data transfer latency 0.000012, pim kernel latency 0.000002
amm time 0.001037, non amm time 0.000173
attention reorder time 0.000011, attention cpu compute time 0.000086
post o reorder+norm+residual time 0.000023, gelu+ffn1 reorder time 0.000023, post ffn2 reorder+norm+residual time 0.000023
tensor allocation overhead time 0.000002, other non amm time 0.000005
reorder breakdown: qkv_to_attention 0.000011, o 0.000009, ffn1 0.000009, ffn2 0.000008
host breakdown: attention 0.000086, reorder 0.000037, other 0.000050
iteration 14, inference time 0.001217
--------------------------------------------
10 rounds' average inference time 0.001594

----------Transformer Params----------
thread num 1
layer num 1
PIM LUT binaries ./build/bin/dpu_bin_qkv ./build/bin/dpu_bin_o ./build/bin/dpu_bin_ffn1 ./build/bin/dpu_bin_ffn2
----------QKV LUT Params----------
index calc params:
num_threads 1
n 64, input feature len 32
num codebook 16, num centroid 16, sub vec len 2
n stile size 64, cb mtile size 16
lut kernel params:
n 64, output feature len 96, num codebook 16, num centroid 16
scale 0.100000, bias 0.200000
num threads 1, dpu num 8
input parallelism 1, lut parallelism 8, feature stile size 12, n stile size 64
n mtile size 64, feature mtile size 4, cb mtile size 16
lut load type 0, feature load tile size 8, cb load tile size 16
----------O LUT Params----------
index calc params:
num_threads 1
n 64, input feature len 32
num codebook 16, num centroid 16, sub vec len 2
n stile size 64, cb mtile size 16
lut kernel params:
n 64, output feature len 32, num codebook 16, num centroid 16
scale 0.100000, bias 0.200000
num threads 1, dpu num 8
input parallelism 1, lut parallelism 8, feature stile size 4, n stile size 64
n mtile size 64, feature mtile size 4, cb mtile size 16
lut load type 0, feature load tile size 8, cb load tile size 16
----------FFN1 LUT Params----------
index calc params:
num_threads 1
n 64, input feature len 32
num codebook 16, num centroid 16, sub vec len 2
n stile size 64, cb mtile size 16
lut kernel params:
n 64, output feature len 64, num codebook 16, num centroid 16
scale 0.100000, bias 0.200000
num threads 1, dpu num 8
input parallelism 1, lut parallelism 8, feature stile size 8, n stile size 64
n mtile size 64, feature mtile size 8, cb mtile size 16
lut load type 0, feature load tile size 8, cb load tile size 16
----------FFN2 LUT Params----------
index calc params:
num_threads 1
n 64, input feature len 64
num codebook 32, num centroid 16, sub vec len 2
n stile size 64, cb mtile size 16
lut kernel params:
n 64, output feature len 32, num codebook 32, num centroid 16
scale 0.100000, bias 0.200000
num threads 1, dpu num 8
input parallelism 1, lut parallelism 8, feature stile size 4, n stile size 64
n mtile size 64, feature mtile size 4, cb mtile size 16
lut load type 0, feature load tile size 8, cb load tile size 16
----------Attention Params----------
seq len 64, batch size 1, n 64
head num 1, head dim 32, token dim 32
dpu num 8, input parallelism 1, lut parallelism 8
n tile size 64, token tile size 4
num threads 1
-----------------------------------
parameter parsing time 0.001079
weight initialization time 0.003200
dpu allocate time 0.000001
--------------------------------------------
input initialization time 0.000023
index calculation time 0.000167
other latency 0.000054, data transfer latency 0.000001, pim kernel latency 0.000000
index calculation time 0.000312
other latency 0.000075, data transfer latency 0.000001, pim kernel latency 0.000000
index calculation time 0.000487
other latency 0.000113, data transfer latency 0.000001, pim kernel latency 0.000000
index calculation time 0.000805
other latency 0.000138, data transfer latency 0.000001, pim kernel latency 0.000000
amm time 0.001059, non amm time 0.000262
attention reorder time 0.000017, attention cpu compute time 0.000076
post o reorder+norm+residual time 0.000029, gelu+ffn1 reorder time 0.000037, post ffn2 reorder+norm+residual time 0.000037
tensor allocation overhead time 0.000007, other non amm time 0.000059
reorder breakdown: qkv_to_attention 0.000017, o 0.000011, ffn1 0.000014, ffn2 0.000016
host breakdown: attention 0.000076, reorder 0.000058, other 0.000128
iteration 0, inference time 0.001329
--------------------------------------------
input initialization time 0.000020
index calculation time 0.000987
other latency 0.000184, data transfer latency 0.000001, pim kernel latency 0.000000
index calculation time 0.001122
other latency 0.000200, data transfer latency 0.000001, pim kernel latency 0.000001
index calculation time 0.001287
other latency 0.000235, data transfer latency 0.000001, pim kernel latency 0.000001
index calculation time 0.001683
other latency 0.000253, data transfer latency 0.000001, pim kernel latency 0.000001
amm time 0.001091, non amm time 0.000154
attention reorder time 0.000011, attention cpu compute time 0.000069
post o reorder+norm+residual time 0.000022, gelu+ffn1 reorder time 0.000024, post ffn2 reorder+norm+residual time 0.000022
tensor allocation overhead time 0.000003, other non amm time 0.000004
reorder breakdown: qkv_to_attention 0.000011, o 0.000008, ffn1 0.000009, ffn2 0.000008
host breakdown: attention 0.000069, reorder 0.000036, other 0.000050
iteration 1, inference time 0.001252
--------------------------------------------
input initialization time 0.000020
index calculation time 0.001851
other latency 0.000304, data transfer latency 0.000001, pim kernel latency 0.000001
index calculation time 0.001985
other latency 0.000320, data transfer latency 0.000001, pim kernel latency 0.000001
index calculation time 0.002148
other latency 0.000351, data transfer latency 0.000001, pim kernel latency 0.000001
index calculation time 0.002479
other latency 0.000368, data transfer latency 0.000001, pim kernel latency 0.000001
amm time 0.001009, non amm time 0.000157
attention reorder time 0.000010, attention cpu compute time 0.000069
post o reorder+norm+residual time 0.000021, gelu+ffn1 reorder time 0.000026, post ffn2 reorder+norm+residual time 0.000023
tensor allocation overhead time 0.000004, other non amm time 0.000004
reorder breakdown: qkv_to_attention 0.000010, o 0.000007, ffn1 0.000009, ffn2 0.000008
host breakdown: attention 0.000069, reorder 0.000034, other 0.000054
iteration 2, inference time 0.001173
--------------------------------------------
input initialization time 0.000020
index calculation time 0.002677
other latency 0.000419, data transfer latency 0.000001, pim kernel latency 0.000001
index calculation time 0.002812
other latency 0.000435, data transfer latency 0.000001, pim kernel latency 0.000001
index calculation time 0.002989
other latency 0.000471, data transfer latency 0.000001, pim kernel latency 0.000001
index calculation time 0.003306
other latency 0.000488, data transfer latency 0.000001, pim kernel latency 0.000001
amm time 0.001044, non amm time 0.000164
attention reorder time 0.000011, attention cpu compute time 0.000070
post o reorder+norm+residual time 0.000021, gelu+ffn1 reorder time 0.000032, post ffn2 reorder+norm+residual time 0.000022
tensor allocation overhead time 0.000003, other non amm time 0.000005
reorder breakdown: qkv_to_attention 0.000011, o 0.000008, ffn1 0.000009, ffn2 0.000008
host breakdown: attention 0.000070, reorder 0.000036, other 0.000058
iteration 3, inference time 0.001214
--------------------------------------------
input initialization time 0.000020
index calculation time 0.003475
other latency 0.000538, data transfer latency 0.000001, pim kernel latency 0.000001
index calculation time 0.003619
other latency 0.000554, data transfer latency 0.000001, pim kernel latency 0.000001
index calculation time 0.003794
other latency 0.000584, data transfer latency 0.000001, pim kernel latency 0.000001
index calculation time 0.004095
other latency 0.000600, data transfer latency 0.000001, pim kernel latency 0.000001
amm time 0.001038, non amm time 0.000159
attention reorder time 0.000011, attention cpu compute time 0.000070
post o reorder+norm+residual time 0.000021, gelu+ffn1 reorder time 0.000029, post ffn2 reorder+norm+residual time 0.000021
tensor allocation overhead time 0.000001, other non amm time 0.000006
reorder breakdown: qkv_to_attention 0.000011, o 0.000008, ffn1 0.000008, ffn2 0.000008
host breakdown: attention 0.000070, reorder 0.000035, other 0.000054
iteration 4, inference time 0.001204
--------------------------------------------
input initialization time 0.000019
index calculation time 0.004339
other latency 0.000657, data transfer latency 0.000001, pim kernel latency 0.000001
index calculation time 0.004467
other latency 0.000672, data transfer latency 0.000001, pim kernel latency 0.000001
index calculation time 0.004622
other latency 0.000706, data transfer latency 0.000001, pim kernel latency 0.000001
index calculation time 0.004934
other latency 0.000722, data transfer latency 0.000002, pim kernel latency 0.000001
amm time 0.001062, non amm time 0.000152
attention reorder time 0.000011, attention cpu compute time 0.000067
post o reorder+norm+residual time 0.000021, gelu+ffn1 reorder time 0.000026, post ffn2 reorder+norm+residual time 0.000021
tensor allocation overhead time 0.000000, other non amm time 0.000006
reorder breakdown: qkv_to_attention 0.000011, o 0.000007, ffn1 0.000008, ffn2 0.000008
host breakdown: attention 0.000067, reorder 0.000034, other 0.000051
iteration 5, inference time 0.001220
--------------------------------------------
input initialization time 0.000019
index calculation time 0.005096
other latency 0.000770, data transfer latency 0.000002, pim kernel latency 0.000001
index calculation time 0.005225
other latency 0.000785, data transfer latency 0.000002, pim kernel latency 0.000001
index calculation time 0.005381
other latency 0.000815, data transfer latency 0.000002, pim kernel latency 0.000001
index calculation time 0.005693
other latency 0.000830, data transfer latency 0.000002, pim kernel latency 0.000001
amm time 0.000961, non amm time 0.000148
attention reorder time 0.000010, attention cpu compute time 0.000066
post o reorder+norm+residual time 0.000020, gelu+ffn1 reorder time 0.000024, post ffn2 reorder+norm+residual time 0.000021
tensor allocation overhead time 0.000002, other non amm time 0.000005
reorder breakdown: qkv_to_attention 0.000010, o 0.000008, ffn1 0.000008, ffn2 0.000008
host breakdown: attention 0.000066, reorder 0.000034, other 0.000048
iteration 6, inference time 0.001116
--------------------------------------------
input initialization time 0.000019
index calculation time 0.005855
other latency 0.000877, data transfer latency 0.000002, pim kernel latency 0.000001
index calculation time 0.005984
other latency 0.000892, data transfer latency 0.000003, pim kernel latency 0.000001
index calculation time 0.006144
other latency 0.000929, data transfer latency 0.000003, pim kernel latency 0.000001
index calculation time 0.006449
other latency 0.000946, data transfer latency 0.000003, pim kernel latency 0.000001
amm time 0.000977, non amm time 0.000188
attention reorder time 0.000011, attention cpu compute time 0.000068
post o reorder+norm+residual time 0.000022, gelu+ffn1 reorder time 0.000058, post ffn2 reorder+norm+residual time 0.000022
tensor allocation overhead time 0.000002, other non amm time 0.000005
reorder breakdown: qkv_to_attention 0.000011, o 0.000008, ffn1 0.000011, ffn2 0.000007
host breakdown: attention 0.000068, reorder 0.000037, other 0.000083
iteration 7, inference time 0.001172
--------------------------------------------
input initialization time 0.000019
index calculation time 0.006611
other latency 0.000997, data transfer latency 0.000003, pim kernel latency 0.000001
index calculation time 0.006741
other latency 0.001013, data transfer latency 0.000003, pim kernel latency 0.000001
index calculation time 0.006914
other latency 0.001043, data transfer latency 0.000003, pim kernel latency 0.000001
index calculation time 0.007217
other latency 0.001059, data transfer latency 0.000003, pim kernel latency 0.000001
amm time 0.001015, non amm time 0.000167
attention reorder time 0.000011, attention cpu compute time 0.000070
post o reorder+norm+residual time 0.000021, gelu+ffn1 reorder time 0.000034, post ffn2 reorder+norm+residual time 0.000022
tensor allocation overhead time 0.000004, other non amm time 0.000005
reorder breakdown: qkv_to_attention 0.000011, o 0.000008, ffn1 0.000008, ffn2 0.000008
host breakdown: attention 0.000070, reorder 0.000035, other 0.000062
iteration 8, inference time 0.001189
--------------------------------------------
input initialization time 0.000019
index calculation time 0.007379
other latency 0.001106, data transfer latency 0.000003, pim kernel latency 0.000001
index calculation time 0.007522
other latency 0.001122, data transfer latency 0.000003, pim kernel latency 0.000001
index calculation time 0.007698
other latency 0.001153, data transfer latency 0.000003, pim kernel latency 0.000001
index calculation time 0.008014
other latency 0.001169, data transfer latency 0.000003, pim kernel latency 0.000001
amm time 0.001011, non amm time 0.000154
attention reorder time 0.000010, attention cpu compute time 0.000067
post o reorder+norm+residual time 0.000020, gelu+ffn1 reorder time 0.000029, post ffn2 reorder+norm+residual time 0.000023
tensor allocation overhead time 0.000000, other non amm time 0.000005
reorder breakdown: qkv_to_attention 0.000010, o 0.000008, ffn1 0.000009, ffn2 0.000008
host breakdown: attention 0.000067, reorder 0.000035, other 0.000052
iteration 9, inference time 0.001172
--------------------------------------------
input initialization time 0.000020
index calculation time 0.008191
other latency 0.001220, data transfer latency 0.000003, pim kernel latency 0.000001
index calculation time 0.008326
other latency 0.001236, data transfer latency 0.000003, pim kernel latency 0.000001
index calculation time 0.008490
other latency 0.001271, data transfer latency 0.000003, pim kernel latency 0.000001
index calculation time 0.008807
other latency 0.001287, data transfer latency 0.000003, pim kernel latency 0.000001
amm time 0.001004, non amm time 0.000160
attention reorder time 0.000010, attention cpu compute time 0.000070
post o reorder+norm+residual time 0.000021, gelu+ffn1 reorder time 0.000024, post ffn2 reorder+norm+residual time 0.000028
tensor allocation overhead time 0.000002, other non amm time 0.000005
reorder breakdown: qkv_to_attention 0.000010, o 0.000008, ffn1 0.000009, ffn2 0.000008
host breakdown: attention 0.000070, reorder 0.000035, other 0.000055
iteration 10, inference time 0.001169
--------------------------------------------
input initialization time 0.000020
index calculation time 0.008976
other latency 0.001336, data transfer latency 0.000003, pim kernel latency 0.000001
index calculation time 0.009110
other latency 0.001352, data transfer latency 0.000003, pim kernel latency 0.000001
index calculation time 0.009274
other latency 0.001384, data transfer latency 0.000003, pim kernel latency 0.000001
index calculation time 0.009604
other latency 0.001400, data transfer latency 0.000003, pim kernel latency 0.000001
amm time 0.001004, non amm time 0.000150
attention reorder time 0.000010, attention cpu compute time 0.000068
post o reorder+norm+residual time 0.000020, gelu+ffn1 reorder time 0.000022, post ffn2 reorder+norm+residual time 0.000022
tensor allocation overhead time 0.000003, other non amm time 0.000005
reorder breakdown: qkv_to_attention 0.000010, o 0.000008, ffn1 0.000009, ffn2 0.000008
host breakdown: attention 0.000068, reorder 0.000035, other 0.000047
iteration 11, inference time 0.001160
--------------------------------------------
input initialization time 0.000019
index calculation time 0.009785
other latency 0.001448, data transfer latency 0.000003, pim kernel latency 0.000001
index calculation time 0.009914
other latency 0.001463, data transfer latency 0.000003, pim kernel latency 0.000001
index calculation time 0.010073
other latency 0.001496, data transfer latency 0.000003, pim kernel latency 0.000001
index calculation time 0.010375
other latency 0.001511, data transfer latency 0.000004, pim kernel latency 0.000001
amm time 0.001002, non amm time 0.000163
attention reorder time 0.000010, attention cpu compute time 0.000065
post o reorder+norm+residual time 0.000020, gelu+ffn1 reorder time 0.000040, post ffn2 reorder+norm+residual time 0.000021
tensor allocation overhead time 0.000001, other non amm time 0.000006
reorder breakdown: qkv_to_attention 0.000010, o 0.000008, ffn1 0.000014, ffn2 0.000008
host breakdown: attention 0.000065, reorder 0.000040, other 0.000058
iteration 12, inference time 0.001170
--------------------------------------------
input initialization time 0.000019
index calculation time 0.010536
other latency 0.001559, data transfer latency 0.000004, pim kernel latency 0.000001
index calculation time 0.010666
other latency 0.001574, data transfer latency 0.000004, pim kernel latency 0.000001
index calculation time 0.010837
other latency 0.001604, data transfer latency 0.000005, pim kernel latency 0.000001
index calculation time 0.011139
other latency 0.001620, data transfer latency 0.000005, pim kernel latency 0.000001
amm time 0.000974, non amm time 0.000145
attention reorder time 0.000010, attention cpu compute time 0.000066
post o reorder+norm+residual time 0.000019, gelu+ffn1 reorder time 0.000022, post ffn2 reorder+norm+residual time 0.000022
tensor allocation overhead time 0.000000, other non amm time 0.000006
reorder breakdown: qkv_to_attention 0.000010, o 0.000007, ffn1 0.000008, ffn2 0.000007
host breakdown: attention 0.000066, reorder 0.000032, other 0.000047
iteration 13, inference time 0.001125
--------------------------------------------
input initialization time 0.000019
index calculation time 0.011300
other latency 0.001666, data transfer latency 0.000005, pim kernel latency 0.000001
index calculation time 0.011437
other latency 0.001681, data transfer latency 0.000005, pim kernel latency 0.000001
index calculation time 0.011593
other latency 0.001714, data transfer latency 0.000005, pim kernel latency 0.000001
index calculation time 0.011895
other latency 0.001730, data transfer latency 0.000005, pim kernel latency 0.000002
amm time 0.000955, non amm time 0.000143
attention reorder time 0.000010, attention cpu compute time 0.000065
post o reorder+norm+residual time 0.000021, gelu+ffn1 reorder time 0.000021, post ffn2 reorder+norm+residual time 0.000021
tensor allocation overhead time 0.000000, other non amm time 0.000005
reorder breakdown: qkv_to_attention 0.000010, o 0.000008, ffn1 0.000008, ffn2 0.000008
host breakdown: attention 0.000065, reorder 0.000034, other 0.000044
iteration 14, inference time 0.001104
--------------------------------------------
10 rounds' average inference time 0.001160

----------Transformer Params----------
thread num 1
layer num 1
PIM LUT binaries ./build/bin/dpu_bin_qkv ./build/bin/dpu_bin_o ./build/bin/dpu_bin_ffn1 ./build/bin/dpu_bin_ffn2
----------QKV LUT Params----------
index calc params:
num_threads 1
n 64, input feature len 32
num codebook 16, num centroid 16, sub vec len 2
n stile size 64, cb mtile size 16
lut kernel params:
n 64, output feature len 96, num codebook 16, num centroid 16
scale 0.100000, bias 0.200000
num threads 1, dpu num 8
input parallelism 1, lut parallelism 8, feature stile size 12, n stile size 64
n mtile size 64, feature mtile size 4, cb mtile size 16
lut load type 0, feature load tile size 8, cb load tile size 16
----------O LUT Params----------
index calc params:
num_threads 1
n 64, input feature len 32
num codebook 16, num centroid 16, sub vec len 2
n stile size 64, cb mtile size 16
lut kernel params:
n 64, output feature len 32, num codebook 16, num centroid 16
scale 0.100000, bias 0.200000
num threads 1, dpu num 8
input parallelism 1, lut parallelism 8, feature stile size 4, n stile size 64
n mtile size 64, feature mtile size 4, cb mtile size 16
lut load type 0, feature load tile size 8, cb load tile size 16
----------FFN1 LUT Params----------
index calc params:
num_threads 1
n 64, input feature len 32
num codebook 16, num centroid 16, sub vec len 2
n stile size 64, cb mtile size 16
lut kernel params:
n 64, output feature len 64, num codebook 16, num centroid 16
scale 0.100000, bias 0.200000
num threads 1, dpu num 8
input parallelism 1, lut parallelism 8, feature stile size 8, n stile size 64
n mtile size 64, feature mtile size 8, cb mtile size 16
lut load type 0, feature load tile size 8, cb load tile size 16
----------FFN2 LUT Params----------
index calc params:
num_threads 1
n 64, input feature len 64
num codebook 32, num centroid 16, sub vec len 2
n stile size 64, cb mtile size 16
lut kernel params:
n 64, output feature len 32, num codebook 32, num centroid 16
scale 0.100000, bias 0.200000
num threads 1, dpu num 8
input parallelism 1, lut parallelism 8, feature stile size 4, n stile size 64
n mtile size 64, feature mtile size 4, cb mtile size 16
lut load type 0, feature load tile size 8, cb load tile size 16
----------Attention Params----------
seq len 64, batch size 1, n 64
head num 1, head dim 32, token dim 32
dpu num 8, input parallelism 1, lut parallelism 8
n tile size 64, token tile size 4
num threads 1
-----------------------------------
parameter parsing time 0.001056
weight initialization time 0.003110
dpu allocate time 0.000001
--------------------------------------------
input initialization time 0.000023
index calculation time 0.000177
other latency 0.000070, data transfer latency 0.000000, pim kernel latency 0.000000
index calculation time 0.000310
other latency 0.000092, data transfer latency 0.000000, pim kernel latency 0.000000
index calculation time 0.000486
other latency 0.000130, data transfer latency 0.000000, pim kernel latency 0.000000
index calculation time 0.000790
other latency 0.000150, data transfer latency 0.000000, pim kernel latency 0.000000
amm time 0.001086, non amm time 0.000273
attention reorder time 0.000017, attention cpu compute time 0.000081
post o reorder+norm+residual time 0.000030, gelu+ffn1 reorder time 0.000047, post ffn2 reorder+norm+residual time 0.000028
tensor allocation overhead time 0.000010, other non amm time 0.000060
reorder breakdown: qkv_to_attention 0.000017, o 0.000011, ffn1 0.000014, ffn2 0.000012
host breakdown: attention 0.000081, reorder 0.000054, other 0.000138
iteration 0, inference time 0.001377
--------------------------------------------
input initialization time 0.000020
index calculation time 0.000954
other latency 0.000194, data transfer latency 0.000000, pim kernel latency 0.000000
index calculation time 0.001088
other latency 0.000210, data transfer latency 0.000000, pim kernel latency 0.000000
index calculation time 0.001244
other latency 0.000243, data transfer latency 0.000000, pim kernel latency 0.000000
index calculation time 0.001546
other latency 0.000258, data transfer latency 0.000000, pim kernel latency 0.000001
amm time 0.000952, non amm time 0.000154
attention reorder time 0.000010, attention cpu compute time 0.000066
post o reorder+norm+residual time 0.000020, gelu+ffn1 reorder time 0.000030, post ffn2 reorder+norm+residual time 0.000021
tensor allocation overhead time 0.000001, other non amm time 0.000006
reorder breakdown: qkv_to_attention 0.000010, o 0.000008, ffn1 0.000008, ffn2 0.000007
host breakdown: attention 0.000066, reorder 0.000033, other 0.000055
iteration 1, inference time 0.001112
--------------------------------------------
input initialization time 0.000019
index calculation time 0.001709
other latency 0.000305, data transfer latency 0.000000, pim kernel latency 0.000001
index calculation time 0.001835
other latency 0.000320, data transfer latency 0.000001, pim kernel latency 0.000001
index calculation time 0.001992
other latency 0.000351, data transfer latency 0.000001, pim kernel latency 0.000001
index calculation time 0.002293
other latency 0.000366, data transfer latency 0.000002, pim kernel latency 0.000001
amm time 0.000945, non amm time 0.000157
attention reorder time 0.000016, attention cpu compute time 0.000067
post o reorder+norm+residual time 0.000021, gelu+ffn1 reorder time 0.000026, post ffn2 reorder+norm+residual time 0.000021
tensor allocation overhead time 0.000000, other non amm time 0.000006
reorder breakdown: qkv_to_attention 0.000016, o 0.000008, ffn1 0.000009, ffn2 0.000008
host breakdown: attention 0.000067, reorder 0.000041, other 0.000049
iteration 2, inference time 0.001109
--------------------------------------------
input initialization time 0.000018
index calculation time 0.002460
other latency 0.000413, data transfer latency 0.000002, pim kernel latency 0.000001
index calculation time 0.002587
other latency 0.000428, data transfer latency 0.000003, pim kernel latency 0.000001
index calculation time 0.002743
other latency 0.000461, data transfer latency 0.000003, pim kernel latency 0.000001
index calculation time 0.003045
other latency 0.000477, data transfer latency 0.000003, pim kernel latency 0.000001
amm time 0.000948, non amm time 0.000144
attention reorder time 0.000010, attention cpu compute time 0.000065
post o reorder+norm+residual time 0.000020, gelu+ffn1 reorder time 0.000022, post ffn2 reorder+norm+residual time 0.000022
tensor allocation overhead time 0.000000, other non amm time 0.000005
reorder breakdown: qkv_to_attention 0.000010, o 0.000008, ffn1 0.000008, ffn2 0.000008
host breakdown: attention 0.000065, reorder 0.000034, other 0.000045
iteration 3, inference time 0.001097
--------------------------------------------
input initialization time 0.000018
index calculation time 0.003207
other latency 0.000525, data transfer latency 0.000003, pim kernel latency 0.000001
index calculation time 0.003334
other latency 0.000541, data transfer latency 0.000003, pim kernel latency 0.000001
index calculation time 0.003490
other latency 0.000571, data transfer latency 0.000003, pim kernel latency 0.000001
index calculation time 0.003798
other latency 0.000588, data transfer latency 0.000003, pim kernel latency 0.000001
amm time 0.000981, non amm time 0.000145
attention reorder time 0.000010, attention cpu compute time 0.000065
post o reorder+norm+residual time 0.000020, gelu+ffn1 reorder time 0.000023, post ffn2 reorder+norm+residual time 0.000021
tensor allocation overhead time 0.000003, other non amm time 0.000003
reorder breakdown: qkv_to_attention 0.000010, o 0.000007, ffn1 0.000009, ffn2 0.000008
host breakdown: attention 0.000065, reorder 0.000034, other 0.000046
iteration 4, inference time 0.001137
--------------------------------------------
input initialization time 0.000018
index calculation time 0.003960
other latency 0.000636, data transfer latency 0.000003, pim kernel latency 0.000001
index calculation time 0.004086
other latency 0.000653, data transfer latency 0.000003, pim kernel latency 0.000001
index calculation time 0.004243
other latency 0.000687, data transfer latency 0.000003, pim kernel latency 0.000001
index calculation time 0.004552
other latency 0.000703, data transfer latency 0.000003, pim kernel latency 0.000001
amm time 0.000954, non amm time 0.000146
attention reorder time 0.000010, attention cpu compute time 0.000065
post o reorder+norm+residual time 0.000020, gelu+ffn1 reorder time 0.000024, post ffn2 reorder+norm+residual time 0.000021
tensor allocation overhead time 0.000002, other non amm time 0.000004
reorder breakdown: qkv_to_attention 0.000010, o 0.000007, ffn1 0.000009, ffn2 0.000008
host breakdown: attention 0.000065, reorder 0.000034, other 0.000047
iteration 5, inference time 0.001106
--------------------------------------------
input initialization time 0.000019
index calculation time 0.004715
other latency 0.000751, data transfer latency 0.000003, pim kernel latency 0.000001
index calculation time 0.004841
other latency 0.000767, data transfer latency 0.000003, pim kernel latency 0.000001
index calculation time 0.004998
other latency 0.000867, data transfer latency 0.000003, pim kernel latency 0.000001
index calculation time 0.005302
other latency 0.000883, data transfer latency 0.000003, pim kernel latency 0.000001
amm time 0.001043, non amm time 0.000152
attention reorder time 0.000010, attention cpu compute time 0.000065
post o reorder+norm+residual time 0.000021, gelu+ffn1 reorder time 0.000029, post ffn2 reorder+norm+residual time 0.000022
tensor allocation overhead time 0.000002, other non amm time 0.000003
reorder breakdown: qkv_to_attention 0.000010, o 0.000008, ffn1 0.000010, ffn2 0.000008
host breakdown: attention 0.000065, reorder 0.000036, other 0.000051
iteration 6, inference time 0.001201
--------------------------------------------
input initialization time 0.000019
index calculation time 0.005464
other latency 0.000934, data transfer latency 0.000004, pim kernel latency 0.000001
index calculation time 0.005595
other latency 0.000962, data transfer latency 0.000004, pim kernel latency 0.000002
index calculation time 0.005765
other latency 0.001007, data transfer latency 0.000004, pim kernel latency 0.000002
index calculation time 0.006098
other latency 0.001024, data transfer latency 0.000004, pim kernel latency 0.000002
amm time 0.001053, non amm time 0.000169
attention reorder time 0.000011, attention cpu compute time 0.000067
post o reorder+norm+residual time 0.000021, gelu+ffn1 reorder time 0.000044, post ffn2 reorder+norm+residual time 0.000021
tensor allocation overhead time 0.000001, other non amm time 0.000004
reorder breakdown: qkv_to_attention 0.000011, o 0.000008, ffn1 0.000014, ffn2 0.000008
host breakdown: attention 0.000067, reorder 0.000041, other 0.000061
iteration 7, inference time 0.001229
--------------------------------------------
input initialization time 0.000019
index calculation time 0.006261
other latency 0.001084, data transfer latency 0.000004, pim kernel latency 0.000002
index calculation time 0.006389
other latency 0.001099, data transfer latency 0.000004, pim kernel latency 0.000002
index calculation time 0.006546
other latency 0.001129, data transfer latency 0.000004, pim kernel latency 0.000002
index calculation time 0.006848
other latency 0.001145, data transfer latency 0.000005, pim kernel latency 0.000002
amm time 0.000987, non amm time 0.000149
attention reorder time 0.000010, attention cpu compute time 0.000066
post o reorder+norm+residual time 0.000020, gelu+ffn1 reorder time 0.000024, post ffn2 reorder+norm+residual time 0.000022
tensor allocation overhead time 0.000002, other non amm time 0.000005
reorder breakdown: qkv_to_attention 0.000010, o 0.000007, ffn1 0.000008, ffn2 0.000009
host breakdown: attention 0.000066, reorder 0.000034, other 0.000049
iteration 8, inference time 0.001143
--------------------------------------------
input initialization time 0.000018
index calculation time 0.007019
other latency 0.001193, data transfer latency 0.000005, pim kernel latency 0.000002
index calculation time 0.007145
other latency 0.001208, data transfer latency 0.000006, pim kernel latency 0.000002
index calculation time 0.007301
other latency 0.001238, data transfer latency 0.000006, pim kernel latency 0.000003
index calculation time 0.007603
other latency 0.001255, data transfer latency 0.000006, pim kernel latency 0.000003
amm time 0.000977, non amm time 0.000143
attention reorder time 0.000010, attention cpu compute time 0.000066
post o reorder+norm+residual time 0.000020, gelu+ffn1 reorder time 0.000021, post ffn2 reorder+norm+residual time 0.000020
tensor allocation overhead time 0.000002, other non amm time 0.000004
reorder breakdown: qkv_to_attention 0.000010, o 0.000008, ffn1 0.000008, ffn2 0.000007
host breakdown: attention 0.000066, reorder 0.000033, other 0.000044
iteration 9, inference time 0.001125
--------------------------------------------
input initialization time 0.000018
index calculation time 0.007765
other latency 0.001303, data transfer latency 0.000006, pim kernel latency 0.000003
index calculation time 0.007892
other latency 0.001318, data transfer latency 0.000006, pim kernel latency 0.000003
index calculation time 0.008048
other latency 0.001351, data transfer latency 0.000006, pim kernel latency 0.000003
index calculation time 0.008359
other latency 0.001367, data transfer latency 0.000006, pim kernel latency 0.000003
amm time 0.000956, non amm time 0.000142
attention reorder time 0.000010, attention cpu compute time 0.000065
post o reorder+norm+residual time 0.000020, gelu+ffn1 reorder time 0.000021, post ffn2 reorder+norm+residual time 0.000021
tensor allocation overhead time 0.000001, other non amm time 0.000004
reorder breakdown: qkv_to_attention 0.000010, o 0.000008, ffn1 0.000008, ffn2 0.000008
host breakdown: attention 0.000065, reorder 0.000034, other 0.000043
iteration 10, inference time 0.001103
--------------------------------------------
input initialization time 0.000019
index calculation time 0.008521
other latency 0.001414, data transfer latency 0.000006, pim kernel latency 0.000003
index calculation time 0.008647
other latency 0.001430, data transfer latency 0.000006, pim kernel latency 0.000003
index calculation time 0.008804
other latency 0.001460, data transfer latency 0.000006, pim kernel latency 0.000003
index calculation time 0.009113
other latency 0.001475, data transfer latency 0.000006, pim kernel latency 0.000003
amm time 0.000949, non amm time 0.000142
attention reorder time 0.000010, attention cpu compute time 0.000065
post o reorder+norm+residual time 0.000020, gelu+ffn1 reorder time 0.000021, post ffn2 reorder+norm+residual time 0.000021
tensor allocation overhead time 0.000000, other non amm time 0.000005
reorder breakdown: qkv_to_attention 0.000010, o 0.000008, ffn1 0.000008, ffn2 0.000008
host breakdown: attention 0.000065, reorder 0.000034, other 0.000043
iteration 11, inference time 0.001098
--------------------------------------------
input initialization time 0.000018
index calculation time 0.009274
other latency 0.001524, data transfer latency 0.000006, pim kernel latency 0.000003
index calculation time 0.009400
other latency 0.001540, data transfer latency 0.000006, pim kernel latency 0.000003
index calculation time 0.009556
other latency 0.001573, data transfer latency 0.000006, pim kernel latency 0.000003
index calculation time 0.009858
other latency 0.001588, data transfer latency 0.000006, pim kernel latency 0.000003
amm time 0.000967, non amm time 0.000143
attention reorder time 0.000010, attention cpu compute time 0.000065
post o reorder+norm+residual time 0.000020, gelu+ffn1 reorder time 0.000021, post ffn2 reorder+norm+residual time 0.000021
tensor allocation overhead time 0.000001, other non amm time 0.000005
reorder breakdown: qkv_to_attention 0.000010, o 0.000008, ffn1 0.000008, ffn2 0.000008
host breakdown: attention 0.000065, reorder 0.000034, other 0.000044
iteration 12, inference time 0.001116
--------------------------------------------
input initialization time 0.000018
index calculation time 0.010021
other latency 0.001636, data transfer latency 0.000007, pim kernel latency 0.000003
index calculation time 0.010147
other latency 0.001651, data transfer latency 0.000007, pim kernel latency 0.000003
index calculation time 0.010313
other latency 0.001680, data transfer latency 0.000007, pim kernel latency 0.000003
index calculation time 0.010615
other latency 0.001695, data transfer latency 0.000007, pim kernel latency 0.000003
amm time 0.000961, non amm time 0.000142
attention reorder time 0.000010, attention cpu compute time 0.000065
post o reorder+norm+residual time 0.000020, gelu+ffn1 reorder time 0.000020, post ffn2 reorder+norm+residual time 0.000021
tensor allocation overhead time 0.000001, other non amm time 0.000005
reorder breakdown: qkv_to_attention 0.000010, o 0.000008, ffn1 0.000008, ffn2 0.000007
host breakdown: attention 0.000065, reorder 0.000033, other 0.000044
iteration 13, inference time 0.001108
--------------------------------------------
input initialization time 0.000019
index calculation time 0.010776
other latency 0.001741, data transfer latency 0.000007, pim kernel latency 0.000003
index calculation time 0.010912
other latency 0.001757, data transfer latency 0.000007, pim kernel latency 0.000003
index calculation time 0.011068
other latency 0.001791, data transfer latency 0.000007, pim kernel latency 0.000003
index calculation time 0.011369
other latency 0.001806, data transfer latency 0.000007, pim kernel latency 0.000004
amm time 0.000950, non amm time 0.000143
attention reorder time 0.000011, attention cpu compute time 0.000065
post o reorder+norm+residual time 0.000020, gelu+ffn1 reorder time 0.000021, post ffn2 reorder+norm+residual time 0.000022
tensor allocation overhead time 0.000001, other non amm time 0.000003
reorder breakdown: qkv_to_attention 0.000011, o 0.000008, ffn1 0.000009, ffn2 0.000008
host breakdown: attention 0.000065, reorder 0.000036, other 0.000042
iteration 14, inference time 0.001100
--------------------------------------------
10 rounds' average inference time 0.001133

----------Transformer Params----------
thread num 1
layer num 1
PIM LUT binaries ./build/bin/dpu_bin_qkv ./build/bin/dpu_bin_o ./build/bin/dpu_bin_ffn1 ./build/bin/dpu_bin_ffn2
----------QKV LUT Params----------
index calc params:
num_threads 1
n 64, input feature len 32
num codebook 16, num centroid 16, sub vec len 2
n stile size 64, cb mtile size 16
lut kernel params:
n 64, output feature len 96, num codebook 16, num centroid 16
scale 0.100000, bias 0.200000
num threads 1, dpu num 8
input parallelism 1, lut parallelism 8, feature stile size 12, n stile size 64
n mtile size 64, feature mtile size 4, cb mtile size 16
lut load type 0, feature load tile size 8, cb load tile size 16
----------O LUT Params----------
index calc params:
num_threads 1
n 64, input feature len 32
num codebook 16, num centroid 16, sub vec len 2
n stile size 64, cb mtile size 16
lut kernel params:
n 64, output feature len 32, num codebook 16, num centroid 16
scale 0.100000, bias 0.200000
num threads 1, dpu num 8
input parallelism 1, lut parallelism 8, feature stile size 4, n stile size 64
n mtile size 64, feature mtile size 4, cb mtile size 16
lut load type 0, feature load tile size 8, cb load tile size 16
----------FFN1 LUT Params----------
index calc params:
num_threads 1
n 64, input feature len 32
num codebook 16, num centroid 16, sub vec len 2
n stile size 64, cb mtile size 16
lut kernel params:
n 64, output feature len 64, num codebook 16, num centroid 16
scale 0.100000, bias 0.200000
num threads 1, dpu num 8
input parallelism 1, lut parallelism 8, feature stile size 8, n stile size 64
n mtile size 64, feature mtile size 8, cb mtile size 16
lut load type 0, feature load tile size 8, cb load tile size 16
----------FFN2 LUT Params----------
index calc params:
num_threads 1
n 64, input feature len 64
num codebook 32, num centroid 16, sub vec len 2
n stile size 64, cb mtile size 16
lut kernel params:
n 64, output feature len 32, num codebook 32, num centroid 16
scale 0.100000, bias 0.200000
num threads 1, dpu num 8
input parallelism 1, lut parallelism 8, feature stile size 4, n stile size 64
n mtile size 64, feature mtile size 4, cb mtile size 16
lut load type 0, feature load tile size 8, cb load tile size 16
----------Attention Params----------
seq len 64, batch size 1, n 64
head num 1, head dim 32, token dim 32
dpu num 8, input parallelism 1, lut parallelism 8
n tile size 64, token tile size 4
num threads 1
-----------------------------------
parameter parsing time 0.001074
weight initialization time 0.003127
dpu allocate time 0.000002
--------------------------------------------
input initialization time 0.000022
index calculation time 0.000208
other latency 0.000056, data transfer latency 0.000000, pim kernel latency 0.000000
index calculation time 0.000337
other latency 0.000076, data transfer latency 0.000000, pim kernel latency 0.000000
index calculation time 0.000495
other latency 0.000113, data transfer latency 0.000000, pim kernel latency 0.000000
index calculation time 0.000805
other latency 0.000139, data transfer latency 0.000000, pim kernel latency 0.000000
amm time 0.001079, non amm time 0.000302
attention reorder time 0.000017, attention cpu compute time 0.000117
post o reorder+norm+residual time 0.000029, gelu+ffn1 reorder time 0.000044, post ffn2 reorder+norm+residual time 0.000030
tensor allocation overhead time 0.000007, other non amm time 0.000058
reorder breakdown: qkv_to_attention 0.000017, o 0.000011, ffn1 0.000014, ffn2 0.000011
host breakdown: attention 0.000117, reorder 0.000053, other 0.000132
iteration 0, inference time 0.001398
--------------------------------------------
input initialization time 0.000019
index calculation time 0.000979
other latency 0.000185, data transfer latency 0.000000, pim kernel latency 0.000000
index calculation time 0.001124
other latency 0.000201, data transfer latency 0.000001, pim kernel latency 0.000000
index calculation time 0.001281
other latency 0.000237, data transfer latency 0.000001, pim kernel latency 0.000000
index calculation time 0.001592
other latency 0.000253, data transfer latency 0.000001, pim kernel latency 0.000000
amm time 0.000994, non amm time 0.000154
attention reorder time 0.000011, attention cpu compute time 0.000068
post o reorder+norm+residual time 0.000021, gelu+ffn1 reorder time 0.000028, post ffn2 reorder+norm+residual time 0.000021
tensor allocation overhead time 0.000004, other non amm time 0.000001
reorder breakdown: qkv_to_attention 0.000011, o 0.000008, ffn1 0.000008, ffn2 0.000008
host breakdown: attention 0.000068, reorder 0.000035, other 0.000051
iteration 1, inference time 0.001155
--------------------------------------------
input initialization time 0.000019
index calculation time 0.001755
other latency 0.000301, data transfer latency 0.000001, pim kernel latency 0.000000
index calculation time 0.001881
other latency 0.000317, data transfer latency 0.000001, pim kernel latency 0.000000
index calculation time 0.002037
other latency 0.000347, data transfer latency 0.000001, pim kernel latency 0.000000
index calculation time 0.002349
other latency 0.000362, data transfer latency 0.000001, pim kernel latency 0.000000
amm time 0.000951, non amm time 0.000145
attention reorder time 0.000010, attention cpu compute time 0.000066
post o reorder+norm+residual time 0.000020, gelu+ffn1 reorder time 0.000022, post ffn2 reorder+norm+residual time 0.000021
tensor allocation overhead time 0.000001, other non amm time 0.000005
reorder breakdown: qkv_to_attention 0.000010, o 0.000008, ffn1 0.000009, ffn2 0.000007
host breakdown: attention 0.000066, reorder 0.000034, other 0.000045
iteration 2, inference time 0.001102
--------------------------------------------
input initialization time 0.000018
index calculation time 0.002512
other latency 0.000410, data transfer latency 0.000001, pim kernel latency 0.000000
index calculation time 0.002637
other latency 0.000425, data transfer latency 0.000001, pim kernel latency 0.000000
index calculation time 0.002793
other latency 0.000458, data transfer latency 0.000001, pim kernel latency 0.000000
index calculation time 0.003095
other latency 0.000475, data transfer latency 0.000001, pim kernel latency 0.000000
amm time 0.000944, non amm time 0.000151
attention reorder time 0.000010, attention cpu compute time 0.000065
post o reorder+norm+residual time 0.000020, gelu+ffn1 reorder time 0.000030, post ffn2 reorder+norm+residual time 0.000021
tensor allocation overhead time 0.000001, other non amm time 0.000004
reorder breakdown: qkv_to_attention 0.000010, o 0.000008, ffn1 0.000008, ffn2 0.000007
host breakdown: attention 0.000065, reorder 0.000033, other 0.000053
iteration 3, inference time 0.001101
--------------------------------------------
input initialization time 0.000018
index calculation time 0.003258
other latency 0.000523, data transfer latency 0.000001, pim kernel latency 0.000000
index calculation time 0.003384
other latency 0.000538, data transfer latency 0.000001, pim kernel latency 0.000001
index calculation time 0.003600
other latency 0.000567, data transfer latency 0.000001, pim kernel latency 0.000001
index calculation time 0.003902
other latency 0.000582, data transfer latency 0.000001, pim kernel latency 0.000001
amm time 0.001028, non amm time 0.000142
attention reorder time 0.000010, attention cpu compute time 0.000064
post o reorder+norm+residual time 0.000020, gelu+ffn1 reorder time 0.000021, post ffn2 reorder+norm+residual time 0.000022
tensor allocation overhead time 0.000002, other non amm time 0.000003
reorder breakdown: qkv_to_attention 0.000010, o 0.000008, ffn1 0.000008, ffn2 0.000008
host breakdown: attention 0.000064, reorder 0.000034, other 0.000044
iteration 4, inference time 0.001177
--------------------------------------------
input initialization time 0.000018
index calculation time 0.004073
other latency 0.000630, data transfer latency 0.000001, pim kernel latency 0.000002
index calculation time 0.004208
other latency 0.000646, data transfer latency 0.000001, pim kernel latency 0.000002
index calculation time 0.004366
other latency 0.000680, data transfer latency 0.000001, pim kernel latency 0.000002
index calculation time 0.004667
other latency 0.000696, data transfer latency 0.000001, pim kernel latency 0.000002
amm time 0.000979, non amm time 0.000159
attention reorder time 0.000016, attention cpu compute time 0.000075
post o reorder+norm+residual time 0.000020, gelu+ffn1 reorder time 0.000021, post ffn2 reorder+norm+residual time 0.000021
tensor allocation overhead time 0.000002, other non amm time 0.000004
reorder breakdown: qkv_to_attention 0.000016, o 0.000008, ffn1 0.000009, ffn2 0.000008
host breakdown: attention 0.000075, reorder 0.000041, other 0.000043
iteration 5, inference time 0.001144
--------------------------------------------
input initialization time 0.000019
index calculation time 0.004829
other latency 0.000752, data transfer latency 0.000001, pim kernel latency 0.000002
index calculation time 0.004955
other latency 0.000768, data transfer latency 0.000001, pim kernel latency 0.000002
index calculation time 0.005111
other latency 0.000798, data transfer latency 0.000001, pim kernel latency 0.000002
index calculation time 0.005413
other latency 0.000814, data transfer latency 0.000001, pim kernel latency 0.000002
amm time 0.000952, non amm time 0.000142
attention reorder time 0.000011, attention cpu compute time 0.000065
post o reorder+norm+residual time 0.000019, gelu+ffn1 reorder time 0.000021, post ffn2 reorder+norm+residual time 0.000021
tensor allocation overhead time 0.000003, other non amm time 0.000002
reorder breakdown: qkv_to_attention 0.000011, o 0.000007, ffn1 0.000008, ffn2 0.000008
host breakdown: attention 0.000065, reorder 0.000034, other 0.000043
iteration 6, inference time 0.001103
--------------------------------------------
input initialization time 0.000018
index calculation time 0.005580
other latency 0.000861, data transfer latency 0.000001, pim kernel latency 0.000002
index calculation time 0.005708
other latency 0.000876, data transfer latency 0.000001, pim kernel latency 0.000002
index calculation time 0.005865
other latency 0.000909, data transfer latency 0.000001, pim kernel latency 0.000002
index calculation time 0.006166
other latency 0.000925, data transfer latency 0.000001, pim kernel latency 0.000002
amm time 0.000947, non amm time 0.000143
attention reorder time 0.000010, attention cpu compute time 0.000065
post o reorder+norm+residual time 0.000020, gelu+ffn1 reorder time 0.000021, post ffn2 reorder+norm+residual time 0.000021
tensor allocation overhead time 0.000001, other non amm time 0.000005
reorder breakdown: qkv_to_attention 0.000010, o 0.000008, ffn1 0.000008, ffn2 0.000007
host breakdown: attention 0.000065, reorder 0.000033, other 0.000045
iteration 7, inference time 0.001105
--------------------------------------------
input initialization time 0.000019
index calculation time 0.006329
other latency 0.000973, data transfer latency 0.000001, pim kernel latency 0.000002
index calculation time 0.006455
other latency 0.000988, data transfer latency 0.000001, pim kernel latency 0.000002
index calculation time 0.006611
other latency 0.001018, data transfer latency 0.000001, pim kernel latency 0.000002
index calculation time 0.006921
other latency 0.001034, data transfer latency 0.000001, pim kernel latency 0.000002
amm time 0.000969, non amm time 0.000142
attention reorder time 0.000010, attention cpu compute time 0.000065
post o reorder+norm+residual time 0.000019, gelu+ffn1 reorder time 0.000020, post ffn2 reorder+norm+residual time 0.000022
tensor allocation overhead time 0.000002, other non amm time 0.000004
reorder breakdown: qkv_to_attention 0.000010, o 0.000007, ffn1 0.000008, ffn2 0.000008
host breakdown: attention 0.000065, reorder 0.000033, other 0.000044
iteration 8, inference time 0.001117
--------------------------------------------
input initialization time 0.000018
index calculation time 0.007081
other latency 0.001079, data transfer latency 0.000001, pim kernel latency 0.000002
index calculation time 0.007208
other latency 0.001096, data transfer latency 0.000001, pim kernel latency 0.000002
index calculation time 0.007364
other latency 0.001127, data transfer latency 0.000001, pim kernel latency 0.000002
index calculation time 0.007677
other latency 0.001142, data transfer latency 0.000002, pim kernel latency 0.000002
amm time 0.000955, non amm time 0.000143
attention reorder time 0.000010, attention cpu compute time 0.000065
post o reorder+norm+residual time 0.000020, gelu+ffn1 reorder time 0.000021, post ffn2 reorder+norm+residual time 0.000021
tensor allocation overhead time 0.000002, other non amm time 0.000004
reorder breakdown: qkv_to_attention 0.000010, o 0.000007, ffn1 0.000008, ffn2 0.000007
host breakdown: attention 0.000065, reorder 0.000032, other 0.000046
iteration 9, inference time 0.001105
--------------------------------------------
input initialization time 0.000018
index calculation time 0.007868
other latency 0.001190, data transfer latency 0.000002, pim kernel latency 0.000002
index calculation time 0.007995
other latency 0.001206, data transfer latency 0.000002, pim kernel latency 0.000002
index calculation time 0.008150
other latency 0.001239, data transfer latency 0.000002, pim kernel latency 0.000002
index calculation time 0.008486
other latency 0.001255, data transfer latency 0.000002, pim kernel latency 0.000002
amm time 0.001030, non amm time 0.000143
attention reorder time 0.000009, attention cpu compute time 0.000065
post o reorder+norm+residual time 0.000019, gelu+ffn1 reorder time 0.000021, post ffn2 reorder+norm+residual time 0.000022
tensor allocation overhead time 0.000000, other non amm time 0.000007
reorder breakdown: qkv_to_attention 0.000009, o 0.000007, ffn1 0.000008, ffn2 0.000008
host breakdown: attention 0.000065, reorder 0.000032, other 0.000046
iteration 10, inference time 0.001179
--------------------------------------------
input initialization time 0.000019
index calculation time 0.008647
other latency 0.001304, data transfer latency 0.000002, pim kernel latency 0.000002
index calculation time 0.008773
other latency 0.001320, data transfer latency 0.000002, pim kernel latency 0.000002
index calculation time 0.008930
other latency 0.001350, data transfer latency 0.000002, pim kernel latency 0.000002
index calculation time 0.009231
other latency 0.001370, data transfer latency 0.000003, pim kernel latency 0.000002
amm time 0.000955, non amm time 0.000156
attention reorder time 0.000010, attention cpu compute time 0.000066
post o reorder+norm+residual time 0.000028, gelu+ffn1 reorder time 0.000021, post ffn2 reorder+norm+residual time 0.000025
tensor allocation overhead time 0.000002, other non amm time 0.000004
reorder breakdown: qkv_to_attention 0.000010, o 0.000008, ffn1 0.000008, ffn2 0.000011
host breakdown: attention 0.000066, reorder 0.000037, other 0.000053
iteration 11, inference time 0.001118
--------------------------------------------
input initialization time 0.000019
index calculation time 0.009392
other latency 0.001418, data transfer latency 0.000003, pim kernel latency 0.000002
index calculation time 0.009530
other latency 0.001434, data transfer latency 0.000003, pim kernel latency 0.000002
index calculation time 0.009685
other latency 0.001468, data transfer latency 0.000003, pim kernel latency 0.000002
index calculation time 0.009985
other latency 0.001484, data transfer latency 0.000003, pim kernel latency 0.000002
amm time 0.000975, non amm time 0.000144
attention reorder time 0.000010, attention cpu compute time 0.000066
post o reorder+norm+residual time 0.000020, gelu+ffn1 reorder time 0.000022, post ffn2 reorder+norm+residual time 0.000021
tensor allocation overhead time 0.000000, other non amm time 0.000005
reorder breakdown: qkv_to_attention 0.000010, o 0.000008, ffn1 0.000009, ffn2 0.000008
host breakdown: attention 0.000066, reorder 0.000035, other 0.000043
iteration 12, inference time 0.001126
--------------------------------------------
input initialization time 0.000019
index calculation time 0.010147
other latency 0.001542, data transfer latency 0.000003, pim kernel latency 0.000002
index calculation time 0.010274
other latency 0.001557, data transfer latency 0.000003, pim kernel latency 0.000002
index calculation time 0.010430
other latency 0.001586, data transfer latency 0.000004, pim kernel latency 0.000002
index calculation time 0.010731
other latency 0.001601, data transfer latency 0.000005, pim kernel latency 0.000002
amm time 0.000958, non amm time 0.000144
attention reorder time 0.000010, attention cpu compute time 0.000066
post o reorder+norm+residual time 0.000021, gelu+ffn1 reorder time 0.000020, post ffn2 reorder+norm+residual time 0.000021
tensor allocation overhead time 0.000000, other non amm time 0.000006
reorder breakdown: qkv_to_attention 0.000010, o 0.000007, ffn1 0.000008, ffn2 0.000008
host breakdown: attention 0.000066, reorder 0.000033, other 0.000045
iteration 13, inference time 0.001108
--------------------------------------------
input initialization time 0.000018
index calculation time 0.010901
other latency 0.001647, data transfer latency 0.000006, pim kernel latency 0.000002
index calculation time 0.011028
other latency 0.001662, data transfer latency 0.000006, pim kernel latency 0.000002
index calculation time 0.011184
other latency 0.001694, data transfer latency 0.000006, pim kernel latency 0.000002
index calculation time 0.011486
other latency 0.001710, data transfer latency 0.000006, pim kernel latency 0.000002
amm time 0.000949, non amm time 0.000156
attention reorder time 0.000010, attention cpu compute time 0.000065
post o reorder+norm+residual time 0.000021, gelu+ffn1 reorder time 0.000021, post ffn2 reorder+norm+residual time 0.000033
tensor allocation overhead time 0.000001, other non amm time 0.000005
reorder breakdown: qkv_to_attention 0.000010, o 0.000007, ffn1 0.000008, ffn2 0.000019
host breakdown: attention 0.000065, reorder 0.000044, other 0.000047
iteration 14, inference time 0.001110
--------------------------------------------
10 rounds' average inference time 0.001122

----------Transformer Params----------
thread num 1
layer num 1
PIM LUT binaries ./build/bin/dpu_bin_qkv ./build/bin/dpu_bin_o ./build/bin/dpu_bin_ffn1 ./build/bin/dpu_bin_ffn2
----------QKV LUT Params----------
index calc params:
num_threads 1
n 64, input feature len 32
num codebook 16, num centroid 16, sub vec len 2
n stile size 64, cb mtile size 16
lut kernel params:
n 64, output feature len 96, num codebook 16, num centroid 16
scale 0.100000, bias 0.200000
num threads 1, dpu num 8
input parallelism 1, lut parallelism 8, feature stile size 12, n stile size 64
n mtile size 64, feature mtile size 4, cb mtile size 16
lut load type 0, feature load tile size 8, cb load tile size 16
----------O LUT Params----------
index calc params:
num_threads 1
n 64, input feature len 32
num codebook 16, num centroid 16, sub vec len 2
n stile size 64, cb mtile size 16
lut kernel params:
n 64, output feature len 32, num codebook 16, num centroid 16
scale 0.100000, bias 0.200000
num threads 1, dpu num 8
input parallelism 1, lut parallelism 8, feature stile size 4, n stile size 64
n mtile size 64, feature mtile size 4, cb mtile size 16
lut load type 0, feature load tile size 8, cb load tile size 16
----------FFN1 LUT Params----------
index calc params:
num_threads 1
n 64, input feature len 32
num codebook 16, num centroid 16, sub vec len 2
n stile size 64, cb mtile size 16
lut kernel params:
n 64, output feature len 64, num codebook 16, num centroid 16
scale 0.100000, bias 0.200000
num threads 1, dpu num 8
input parallelism 1, lut parallelism 8, feature stile size 8, n stile size 64
n mtile size 64, feature mtile size 8, cb mtile size 16
lut load type 0, feature load tile size 8, cb load tile size 16
----------FFN2 LUT Params----------
index calc params:
num_threads 1
n 64, input feature len 64
num codebook 32, num centroid 16, sub vec len 2
n stile size 64, cb mtile size 16
lut kernel params:
n 64, output feature len 32, num codebook 32, num centroid 16
scale 0.100000, bias 0.200000
num threads 1, dpu num 8
input parallelism 1, lut parallelism 8, feature stile size 4, n stile size 64
n mtile size 64, feature mtile size 4, cb mtile size 16
lut load type 0, feature load tile size 8, cb load tile size 16
----------Attention Params----------
seq len 64, batch size 1, n 64
head num 1, head dim 32, token dim 32
dpu num 8, input parallelism 1, lut parallelism 8
n tile size 64, token tile size 4
num threads 1
-----------------------------------
parameter parsing time 0.001036
weight initialization time 0.003068
dpu allocate time 0.000000
--------------------------------------------
input initialization time 0.000023
index calculation time 0.000169
other latency 0.000055, data transfer latency 0.000000, pim kernel latency 0.000000
index calculation time 0.000298
other latency 0.000076, data transfer latency 0.000000, pim kernel latency 0.000000
index calculation time 0.000457
other latency 0.000117, data transfer latency 0.000000, pim kernel latency 0.000000
index calculation time 0.000760
other latency 0.000136, data transfer latency 0.000000, pim kernel latency 0.000000
amm time 0.001004, non amm time 0.000239
attention reorder time 0.000017, attention cpu compute time 0.000075
post o reorder+norm+residual time 0.000028, gelu+ffn1 reorder time 0.000032, post ffn2 reorder+norm+residual time 0.000028
tensor allocation overhead time 0.000006, other non amm time 0.000053
reorder breakdown: qkv_to_attention 0.000017, o 0.000011, ffn1 0.000013, ffn2 0.000012
host breakdown: attention 0.000075, reorder 0.000053, other 0.000111
iteration 0, inference time 0.001256
--------------------------------------------
input initialization time 0.000018
index calculation time 0.000923
other latency 0.000182, data transfer latency 0.000000, pim kernel latency 0.000000
index calculation time 0.001051
other latency 0.000198, data transfer latency 0.000000, pim kernel latency 0.000000
index calculation time 0.001207
other latency 0.000232, data transfer latency 0.000001, pim kernel latency 0.000000
index calculation time 0.001510
other latency 0.000247, data transfer latency 0.000001, pim kernel latency 0.000000
amm time 0.000940, non amm time 0.000151
attention reorder time 0.000010, attention cpu compute time 0.000072
post o reorder+norm+residual time 0.000020, gelu+ffn1 reorder time 0.000022, post ffn2 reorder+norm+residual time 0.000021
tensor allocation overhead time 0.000000, other non amm time 0.000006
reorder breakdown: qkv_to_attention 0.000010, o 0.000008, ffn1 0.000009, ffn2 0.000007
host breakdown: attention 0.000072, reorder 0.000034, other 0.000045
iteration 1, inference time 0.001097
--------------------------------------------
input initialization time 0.000018
index calculation time 0.001677
other latency 0.000295, data transfer latency 0.000001, pim kernel latency 0.000000
index calculation time 0.001824
other latency 0.000311, data transfer latency 0.000001, pim kernel latency 0.000000
index calculation time 0.001982
other latency 0.000341, data transfer latency 0.000001, pim kernel latency 0.000000
index calculation time 0.002286
other latency 0.000357, data transfer latency 0.000001, pim kernel latency 0.000000
amm time 0.000981, non amm time 0.000155
attention reorder time 0.000009, attention cpu compute time 0.000069
post o reorder+norm+residual time 0.000021, gelu+ffn1 reorder time 0.000029, post ffn2 reorder+norm+residual time 0.000021
tensor allocation overhead time 0.000001, other non amm time 0.000005
reorder breakdown: qkv_to_attention 0.000009, o 0.000008, ffn1 0.000009, ffn2 0.000008
host breakdown: attention 0.000069, reorder 0.000034, other 0.000052
iteration 2, inference time 0.001142
--------------------------------------------
input initialization time 0.000032
index calculation time 0.002447
other latency 0.000405, data transfer latency 0.000002, pim kernel latency 0.000000
index calculation time 0.002573
other latency 0.000420, data transfer latency 0.000002, pim kernel latency 0.000000
index calculation time 0.002730
other latency 0.000453, data transfer latency 0.000002, pim kernel latency 0.000000
index calculation time 0.003042
other latency 0.000468, data transfer latency 0.000002, pim kernel latency 0.000000
amm time 0.000962, non amm time 0.000153
attention reorder time 0.000011, attention cpu compute time 0.000066
post o reorder+norm+residual time 0.000021, gelu+ffn1 reorder time 0.000029, post ffn2 reorder+norm+residual time 0.000021
tensor allocation overhead time 0.000001, other non amm time 0.000004
reorder breakdown: qkv_to_attention 0.000011, o 0.000008, ffn1 0.000009, ffn2 0.000007
host breakdown: attention 0.000066, reorder 0.000035, other 0.000052
iteration 3, inference time 0.001121
--------------------------------------------
input initialization time 0.000018
index calculation time 0.003204
other latency 0.000537, data transfer latency 0.000002, pim kernel latency 0.000000
index calculation time 0.003361
other latency 0.000553, data transfer latency 0.000002, pim kernel latency 0.000000
index calculation time 0.003518
other latency 0.000591, data transfer latency 0.000002, pim kernel latency 0.000000
index calculation time 0.003829
other latency 0.000608, data transfer latency 0.000002, pim kernel latency 0.000000
amm time 0.001057, non amm time 0.000153
attention reorder time 0.000011, attention cpu compute time 0.000070
post o reorder+norm+residual time 0.000020, gelu+ffn1 reorder time 0.000024, post ffn2 reorder+norm+residual time 0.000022
tensor allocation overhead time 0.000000, other non amm time 0.000006
reorder breakdown: qkv_to_attention 0.000011, o 0.000008, ffn1 0.000009, ffn2 0.000008
host breakdown: attention 0.000070, reorder 0.000036, other 0.000047
iteration 4, inference time 0.001216
--------------------------------------------
input initialization time 0.000019
index calculation time 0.003990
other latency 0.000655, data transfer latency 0.000002, pim kernel latency 0.000000
index calculation time 0.004117
other latency 0.000670, data transfer latency 0.000002, pim kernel latency 0.000000
index calculation time 0.004378
other latency 0.000705, data transfer latency 0.000002, pim kernel latency 0.000000
index calculation time 0.004680
other latency 0.000720, data transfer latency 0.000002, pim kernel latency 0.000000
amm time 0.001055, non amm time 0.000147
attention reorder time 0.000011, attention cpu compute time 0.000066
post o reorder+norm+residual time 0.000020, gelu+ffn1 reorder time 0.000023, post ffn2 reorder+norm+residual time 0.000022
tensor allocation overhead time 0.000000, other non amm time 0.000005
reorder breakdown: qkv_to_attention 0.000011, o 0.000008, ffn1 0.000008, ffn2 0.000008
host breakdown: attention 0.000066, reorder 0.000035, other 0.000046
iteration 5, inference time 0.001209
--------------------------------------------
input initialization time 0.000019
index calculation time 0.004842
other latency 0.000767, data transfer latency 0.000002, pim kernel latency 0.000000
index calculation time 0.004999
other latency 0.000782, data transfer latency 0.000002, pim kernel latency 0.000000
index calculation time 0.005156
other latency 0.000813, data transfer latency 0.000002, pim kernel latency 0.000000
index calculation time 0.005457
other latency 0.000829, data transfer latency 0.000002, pim kernel latency 0.000000
amm time 0.000981, non amm time 0.000144
attention reorder time 0.000010, attention cpu compute time 0.000065
post o reorder+norm+residual time 0.000020, gelu+ffn1 reorder time 0.000022, post ffn2 reorder+norm+residual time 0.000021
tensor allocation overhead time 0.000002, other non amm time 0.000004
reorder breakdown: qkv_to_attention 0.000010, o 0.000008, ffn1 0.000008, ffn2 0.000008
host breakdown: attention 0.000065, reorder 0.000034, other 0.000045
iteration 6, inference time 0.001131
--------------------------------------------
input initialization time 0.000019
index calculation time 0.005618
other latency 0.000885, data transfer latency 0.000002, pim kernel latency 0.000000
index calculation time 0.005745
other latency 0.000900, data transfer latency 0.000002, pim kernel latency 0.000000
index calculation time 0.005900
other latency 0.000933, data transfer latency 0.000002, pim kernel latency 0.000000
index calculation time 0.006201
other latency 0.000948, data transfer latency 0.000002, pim kernel latency 0.000000
amm time 0.000949, non amm time 0.000143
attention reorder time 0.000010, attention cpu compute time 0.000065
post o reorder+norm+residual time 0.000019, gelu+ffn1 reorder time 0.000021, post ffn2 reorder+norm+residual time 0.000021
tensor allocation overhead time 0.000002, other non amm time 0.000005
reorder breakdown: qkv_to_attention 0.000010, o 0.000007, ffn1 0.000009, ffn2 0.000008
host breakdown: attention 0.000065, reorder 0.000034, other 0.000044
iteration 7, inference time 0.001098
--------------------------------------------
input initialization time 0.000019
index calculation time 0.006375
other latency 0.000998, data transfer latency 0.000002, pim kernel latency 0.000000
index calculation time 0.006509
other latency 0.001014, data transfer latency 0.000002, pim kernel latency 0.000000
index calculation time 0.006666
other latency 0.001045, data transfer latency 0.000002, pim kernel latency 0.000000
index calculation time 0.006977
other latency 0.001060, data transfer latency 0.000002, pim kernel latency 0.000000
amm time 0.001019, non amm time 0.000158
attention reorder time 0.000010, attention cpu compute time 0.000080
post o reorder+norm+residual time 0.000020, gelu+ffn1 reorder time 0.000021, post ffn2 reorder+norm+residual time 0.000021
tensor allocation overhead time 0.000002, other non amm time 0.000004
reorder breakdown: qkv_to_attention 0.000010, o 0.000008, ffn1 0.000008, ffn2 0.000008
host breakdown: attention 0.000080, reorder 0.000034, other 0.000044
iteration 8, inference time 0.001184
--------------------------------------------
input initialization time 0.000018
index calculation time 0.007151
other latency 0.001122, data transfer latency 0.000002, pim kernel latency 0.000000
index calculation time 0.007279
other latency 0.001138, data transfer latency 0.000002, pim kernel latency 0.000000
index calculation time 0.007436
other latency 0.001168, data transfer latency 0.000002, pim kernel latency 0.000000
index calculation time 0.007749
other latency 0.001184, data transfer latency 0.000002, pim kernel latency 0.000000
amm time 0.001008, non amm time 0.000146
attention reorder time 0.000011, attention cpu compute time 0.000066
post o reorder+norm+residual time 0.000021, gelu+ffn1 reorder time 0.000021, post ffn2 reorder+norm+residual time 0.000021
tensor allocation overhead time 0.000000, other non amm time 0.000006
reorder breakdown: qkv_to_attention 0.000011, o 0.000007, ffn1 0.000008, ffn2 0.000008
host breakdown: attention 0.000066, reorder 0.000034, other 0.000046
iteration 9, inference time 0.001160
--------------------------------------------
input initialization time 0.000018
index calculation time 0.007911
other latency 0.001237, data transfer latency 0.000002, pim kernel latency 0.000000
index calculation time 0.008038
other latency 0.001252, data transfer latency 0.000002, pim kernel latency 0.000000
index calculation time 0.008195
other latency 0.001285, data transfer latency 0.000002, pim kernel latency 0.000000
index calculation time 0.008498
other latency 0.001300, data transfer latency 0.000002, pim kernel latency 0.000000
amm time 0.000972, non amm time 0.000153
attention reorder time 0.000017, attention cpu compute time 0.000066
post o reorder+norm+residual time 0.000020, gelu+ffn1 reorder time 0.000021, post ffn2 reorder+norm+residual time 0.000021
tensor allocation overhead time 0.000002, other non amm time 0.000006
reorder breakdown: qkv_to_attention 0.000017, o 0.000008, ffn1 0.000008, ffn2 0.000007
host breakdown: attention 0.000066, reorder 0.000040, other 0.000047
iteration 10, inference time 0.001130
--------------------------------------------
input initialization time 0.000019
index calculation time 0.008659
other latency 0.001348, data transfer latency 0.000002, pim kernel latency 0.000000
index calculation time 0.008787
other latency 0.001363, data transfer latency 0.000002, pim kernel latency 0.000000
index calculation time 0.008952
other latency 0.001393, data transfer latency 0.000002, pim kernel latency 0.000000
index calculation time 0.009263
other latency 0.001409, data transfer latency 0.000002, pim kernel latency 0.000000
amm time 0.000965, non amm time 0.000150
attention reorder time 0.000010, attention cpu compute time 0.000065
post o reorder+norm+residual time 0.000020, gelu+ffn1 reorder time 0.000022, post ffn2 reorder+norm+residual time 0.000027
tensor allocation overhead time 0.000002, other non amm time 0.000004
reorder breakdown: qkv_to_attention 0.000010, o 0.000008, ffn1 0.000009, ffn2 0.000013
host breakdown: attention 0.000065, reorder 0.000040, other 0.000045
iteration 11, inference time 0.001125
--------------------------------------------
input initialization time 0.000020
index calculation time 0.009425
other latency 0.001458, data transfer latency 0.000002, pim kernel latency 0.000000
index calculation time 0.009562
other latency 0.001473, data transfer latency 0.000003, pim kernel latency 0.000000
index calculation time 0.009719
other latency 0.001506, data transfer latency 0.000003, pim kernel latency 0.000000
index calculation time 0.010031
other latency 0.001525, data transfer latency 0.000003, pim kernel latency 0.000000
amm time 0.000999, non amm time 0.000153
attention reorder time 0.000010, attention cpu compute time 0.000065
post o reorder+norm+residual time 0.000020, gelu+ffn1 reorder time 0.000022, post ffn2 reorder+norm+residual time 0.000029
tensor allocation overhead time 0.000001, other non amm time 0.000006
reorder breakdown: qkv_to_attention 0.000010, o 0.000007, ffn1 0.000008, ffn2 0.000013
host breakdown: attention 0.000065, reorder 0.000038, other 0.000050
iteration 12, inference time 0.001161
--------------------------------------------
input initialization time 0.000019
index calculation time 0.010192
other latency 0.001583, data transfer latency 0.000003, pim kernel latency 0.000000
index calculation time 0.010319
other latency 0.001627, data transfer latency 0.000003, pim kernel latency 0.000000
index calculation time 0.010477
other latency 0.001656, data transfer latency 0.000003, pim kernel latency 0.000000
index calculation time 0.010778
other latency 0.001672, data transfer latency 0.000003, pim kernel latency 0.000000
amm time 0.000990, non amm time 0.000145
attention reorder time 0.000011, attention cpu compute time 0.000066
post o reorder+norm+residual time 0.000021, gelu+ffn1 reorder time 0.000021, post ffn2 reorder+norm+residual time 0.000021
tensor allocation overhead time 0.000000, other non amm time 0.000005
reorder breakdown: qkv_to_attention 0.000011, o 0.000008, ffn1 0.000008, ffn2 0.000008
host breakdown: attention 0.000066, reorder 0.000035, other 0.000044
iteration 13, inference time 0.001141
--------------------------------------------
input initialization time 0.000018
index calculation time 0.010952
other latency 0.001720, data transfer latency 0.000003, pim kernel latency 0.000000
index calculation time 0.011080
other latency 0.001736, data transfer latency 0.000003, pim kernel latency 0.000000
index calculation time 0.011235
other latency 0.001769, data transfer latency 0.000003, pim kernel latency 0.000000
index calculation time 0.011547
other latency 0.001785, data transfer latency 0.000003, pim kernel latency 0.000000
amm time 0.000968, non amm time 0.000145
attention reorder time 0.000010, attention cpu compute time 0.000066
post o reorder+norm+residual time 0.000020, gelu+ffn1 reorder time 0.000022, post ffn2 reorder+norm+residual time 0.000021
tensor allocation overhead time 0.000001, other non amm time 0.000005
reorder breakdown: qkv_to_attention 0.000010, o 0.000008, ffn1 0.000009, ffn2 0.000008
host breakdown: attention 0.000066, reorder 0.000035, other 0.000044
iteration 14, inference time 0.001118
--------------------------------------------
10 rounds' average inference time 0.001146

----------Transformer Params----------
thread num 1
layer num 1
PIM LUT binaries ./build/bin/dpu_bin_qkv ./build/bin/dpu_bin_o ./build/bin/dpu_bin_ffn1 ./build/bin/dpu_bin_ffn2
----------QKV LUT Params----------
index calc params:
num_threads 1
n 64, input feature len 32
num codebook 16, num centroid 16, sub vec len 2
n stile size 64, cb mtile size 16
lut kernel params:
n 64, output feature len 96, num codebook 16, num centroid 16
scale 0.100000, bias 0.200000
num threads 1, dpu num 8
input parallelism 1, lut parallelism 8, feature stile size 12, n stile size 64
n mtile size 64, feature mtile size 4, cb mtile size 16
lut load type 0, feature load tile size 8, cb load tile size 16
----------O LUT Params----------
index calc params:
num_threads 1
n 64, input feature len 32
num codebook 16, num centroid 16, sub vec len 2
n stile size 64, cb mtile size 16
lut kernel params:
n 64, output feature len 32, num codebook 16, num centroid 16
scale 0.100000, bias 0.200000
num threads 1, dpu num 8
input parallelism 1, lut parallelism 8, feature stile size 4, n stile size 64
n mtile size 64, feature mtile size 4, cb mtile size 16
lut load type 0, feature load tile size 8, cb load tile size 16
----------FFN1 LUT Params----------
index calc params:
num_threads 1
n 64, input feature len 32
num codebook 16, num centroid 16, sub vec len 2
n stile size 64, cb mtile size 16
lut kernel params:
n 64, output feature len 64, num codebook 16, num centroid 16
scale 0.100000, bias 0.200000
num threads 1, dpu num 8
input parallelism 1, lut parallelism 8, feature stile size 8, n stile size 64
n mtile size 64, feature mtile size 8, cb mtile size 16
lut load type 0, feature load tile size 8, cb load tile size 16
----------FFN2 LUT Params----------
index calc params:
num_threads 1
n 64, input feature len 64
num codebook 32, num centroid 16, sub vec len 2
n stile size 64, cb mtile size 16
lut kernel params:
n 64, output feature len 32, num codebook 32, num centroid 16
scale 0.100000, bias 0.200000
num threads 1, dpu num 8
input parallelism 1, lut parallelism 8, feature stile size 4, n stile size 64
n mtile size 64, feature mtile size 4, cb mtile size 16
lut load type 0, feature load tile size 8, cb load tile size 16
----------Attention Params----------
seq len 64, batch size 1, n 64
head num 1, head dim 32, token dim 32
dpu num 8, input parallelism 1, lut parallelism 8
n tile size 64, token tile size 4
num threads 1
-----------------------------------
parameter parsing time 0.000990
weight initialization time 0.002979
dpu allocate time 0.000000
--------------------------------------------
input initialization time 0.000021
index calculation time 0.000160
other latency 0.000053, data transfer latency 0.000000, pim kernel latency 0.000000
index calculation time 0.000282
other latency 0.000073, data transfer latency 0.000000, pim kernel latency 0.000000
index calculation time 0.000435
other latency 0.000108, data transfer latency 0.000000, pim kernel latency 0.000000
index calculation time 0.000726
other latency 0.000131, data transfer latency 0.000000, pim kernel latency 0.000000
amm time 0.000957, non amm time 0.000242
attention reorder time 0.000017, attention cpu compute time 0.000073
post o reorder+norm+residual time 0.000034, gelu+ffn1 reorder time 0.000033, post ffn2 reorder+norm+residual time 0.000026
tensor allocation overhead time 0.000007, other non amm time 0.000052
reorder breakdown: qkv_to_attention 0.000017, o 0.000010, ffn1 0.000014, ffn2 0.000011
host breakdown: attention 0.000073, reorder 0.000052, other 0.000117
iteration 0, inference time 0.001213
--------------------------------------------
input initialization time 0.000018
index calculation time 0.000883
other latency 0.000173, data transfer latency 0.000000, pim kernel latency 0.000000
index calculation time 0.001021
other latency 0.000187, data transfer latency 0.000001, pim kernel latency 0.000000
index calculation time 0.001171
other latency 0.000220, data transfer latency 0.000001, pim kernel latency 0.000000
index calculation time 0.001461
other latency 0.000236, data transfer latency 0.000001, pim kernel latency 0.000000
amm time 0.000921, non amm time 0.000141
attention reorder time 0.000011, attention cpu compute time 0.000064
post o reorder+norm+residual time 0.000019, gelu+ffn1 reorder time 0.000021, post ffn2 reorder+norm+residual time 0.000021
tensor allocation overhead time 0.000000, other non amm time 0.000005
reorder breakdown: qkv_to_attention 0.000011, o 0.000007, ffn1 0.000008, ffn2 0.000008
host breakdown: attention 0.000064, reorder 0.000034, other 0.000043
iteration 1, inference time 0.001069
--------------------------------------------
input initialization time 0.000018
index calculation time 0.001616
other latency 0.000281, data transfer latency 0.000001, pim kernel latency 0.000000
index calculation time 0.001737
other latency 0.000296, data transfer latency 0.000001, pim kernel latency 0.000000
index calculation time 0.001888
other latency 0.000324, data transfer latency 0.000001, pim kernel latency 0.000000
index calculation time 0.002178
other latency 0.000339, data transfer latency 0.000001, pim kernel latency 0.000000
amm time 0.000903, non amm time 0.000147
attention reorder time 0.000011, attention cpu compute time 0.000070
post o reorder+norm+residual time 0.000019, gelu+ffn1 reorder time 0.000021, post ffn2 reorder+norm+residual time 0.000020
tensor allocation overhead time 0.000001, other non amm time 0.000005
reorder breakdown: qkv_to_attention 0.000011, o 0.000007, ffn1 0.000008, ffn2 0.000007
host breakdown: attention 0.000070, reorder 0.000033, other 0.000044
iteration 2, inference time 0.001056
--------------------------------------------
input initialization time 0.000017
index calculation time 0.002333
other latency 0.000394, data transfer latency 0.000001, pim kernel latency 0.000000
index calculation time 0.002454
other latency 0.000409, data transfer latency 0.000001, pim kernel latency 0.000000
index calculation time 0.002606
other latency 0.000442, data transfer latency 0.000001, pim kernel latency 0.000000
index calculation time 0.002895
other latency 0.000457, data transfer latency 0.000001, pim kernel latency 0.000000
amm time 0.000920, non amm time 0.000141
attention reorder time 0.000011, attention cpu compute time 0.000063
post o reorder+norm+residual time 0.000020, gelu+ffn1 reorder time 0.000021, post ffn2 reorder+norm+residual time 0.000020
tensor allocation overhead time 0.000001, other non amm time 0.000005
reorder breakdown: qkv_to_attention 0.000011, o 0.000008, ffn1 0.000008, ffn2 0.000007
host breakdown: attention 0.000063, reorder 0.000034, other 0.000044
iteration 3, inference time 0.001066
--------------------------------------------
input initialization time 0.000018
index calculation time 0.003058
other latency 0.000515, data transfer latency 0.000001, pim kernel latency 0.000000
index calculation time 0.003181
other latency 0.000530, data transfer latency 0.000001, pim kernel latency 0.000000
index calculation time 0.003332
other latency 0.000559, data transfer latency 0.000001, pim kernel latency 0.000000
index calculation time 0.003622
other latency 0.000643, data transfer latency 0.000002, pim kernel latency 0.000000
amm time 0.001034, non amm time 0.000170
attention reorder time 0.000017, attention cpu compute time 0.000083
post o reorder+norm+residual time 0.000019, gelu+ffn1 reorder time 0.000021, post ffn2 reorder+norm+residual time 0.000021
tensor allocation overhead time 0.000003, other non amm time 0.000006
reorder breakdown: qkv_to_attention 0.000017, o 0.000007, ffn1 0.000008, ffn2 0.000008
host breakdown: attention 0.000083, reorder 0.000040, other 0.000047
iteration 4, inference time 0.001209
--------------------------------------------
input initialization time 0.000018
index calculation time 0.003777
other latency 0.000688, data transfer latency 0.000002, pim kernel latency 0.000000
index calculation time 0.003899
other latency 0.000702, data transfer latency 0.000002, pim kernel latency 0.000000
index calculation time 0.004049
other latency 0.000733, data transfer latency 0.000002, pim kernel latency 0.000000
index calculation time 0.004346
other latency 0.000748, data transfer latency 0.000002, pim kernel latency 0.000000
amm time 0.000922, non amm time 0.000137
attention reorder time 0.000010, attention cpu compute time 0.000063
post o reorder+norm+residual time 0.000019, gelu+ffn1 reorder time 0.000020, post ffn2 reorder+norm+residual time 0.000020
tensor allocation overhead time 0.000001, other non amm time 0.000004
reorder breakdown: qkv_to_attention 0.000010, o 0.000007, ffn1 0.000008, ffn2 0.000007
host breakdown: attention 0.000063, reorder 0.000032, other 0.000042
iteration 5, inference time 0.001066
--------------------------------------------
input initialization time 0.000017
index calculation time 0.004501
other latency 0.000796, data transfer latency 0.000002, pim kernel latency 0.000000
index calculation time 0.004623
other latency 0.000811, data transfer latency 0.000002, pim kernel latency 0.000000
index calculation time 0.004773
other latency 0.000839, data transfer latency 0.000002, pim kernel latency 0.000000
index calculation time 0.005068
other latency 0.000854, data transfer latency 0.000003, pim kernel latency 0.000000
amm time 0.000914, non amm time 0.000136
attention reorder time 0.000009, attention cpu compute time 0.000062
post o reorder+norm+residual time 0.000019, gelu+ffn1 reorder time 0.000019, post ffn2 reorder+norm+residual time 0.000020
tensor allocation overhead time 0.000003, other non amm time 0.000004
reorder breakdown: qkv_to_attention 0.000009, o 0.000007, ffn1 0.000008, ffn2 0.000007
host breakdown: attention 0.000062, reorder 0.000031, other 0.000043
iteration 6, inference time 0.001057
--------------------------------------------
input initialization time 0.000018
index calculation time 0.005222
other latency 0.000899, data transfer latency 0.000004, pim kernel latency 0.000000
index calculation time 0.005345
other latency 0.000914, data transfer latency 0.000004, pim kernel latency 0.000000
index calculation time 0.005495
other latency 0.000946, data transfer latency 0.000004, pim kernel latency 0.000000
index calculation time 0.005784
other latency 0.000961, data transfer latency 0.000004, pim kernel latency 0.000000
amm time 0.000908, non amm time 0.000137
attention reorder time 0.000010, attention cpu compute time 0.000062
post o reorder+norm+residual time 0.000020, gelu+ffn1 reorder time 0.000020, post ffn2 reorder+norm+residual time 0.000020
tensor allocation overhead time 0.000001, other non amm time 0.000004
reorder breakdown: qkv_to_attention 0.000010, o 0.000009, ffn1 0.000008, ffn2 0.000007
host breakdown: attention 0.000062, reorder 0.000034, other 0.000041
iteration 7, inference time 0.001052
--------------------------------------------
input initialization time 0.000018
index calculation time 0.005937
other latency 0.001005, data transfer latency 0.000004, pim kernel latency 0.000000
index calculation time 0.006060
other latency 0.001019, data transfer latency 0.000004, pim kernel latency 0.000000
index calculation time 0.006217
other latency 0.001048, data transfer latency 0.000004, pim kernel latency 0.000000
index calculation time 0.006505
other latency 0.001063, data transfer latency 0.000004, pim kernel latency 0.000000
amm time 0.000922, non amm time 0.000138
attention reorder time 0.000009, attention cpu compute time 0.000062
post o reorder+norm+residual time 0.000020, gelu+ffn1 reorder time 0.000020, post ffn2 reorder+norm+residual time 0.000020
tensor allocation overhead time 0.000001, other non amm time 0.000006
reorder breakdown: qkv_to_attention 0.000009, o 0.000008, ffn1 0.000008, ffn2 0.000007
host breakdown: attention 0.000062, reorder 0.000032, other 0.000044
iteration 8, inference time 0.001066
--------------------------------------------
input initialization time 0.000018
index calculation time 0.006660
other latency 0.001107, data transfer latency 0.000004, pim kernel latency 0.000000
index calculation time 0.006782
other latency 0.001122, data transfer latency 0.000005, pim kernel latency 0.000000
index calculation time 0.006938
other latency 0.001152, data transfer latency 0.000005, pim kernel latency 0.000000
index calculation time 0.007227
other latency 0.001167, data transfer latency 0.000005, pim kernel latency 0.000000
amm time 0.000914, non amm time 0.000146
attention reorder time 0.000010, attention cpu compute time 0.000062
post o reorder+norm+residual time 0.000018, gelu+ffn1 reorder time 0.000020, post ffn2 reorder+norm+residual time 0.000021
tensor allocation overhead time 0.000010, other non amm time 0.000005
reorder breakdown: qkv_to_attention 0.000010, o 0.000007, ffn1 0.000008, ffn2 0.000007
host breakdown: attention 0.000062, reorder 0.000032, other 0.000052
iteration 9, inference time 0.001066
--------------------------------------------
input initialization time 0.000018
index calculation time 0.007383
other latency 0.001212, data transfer latency 0.000005, pim kernel latency 0.000000
index calculation time 0.007505
other latency 0.001232, data transfer latency 0.000005, pim kernel latency 0.000000
index calculation time 0.007656
other latency 0.001263, data transfer latency 0.000005, pim kernel latency 0.000000
index calculation time 0.007944
other latency 0.001277, data transfer latency 0.000005, pim kernel latency 0.000001
amm time 0.000912, non amm time 0.000137
attention reorder time 0.000009, attention cpu compute time 0.000062
post o reorder+norm+residual time 0.000019, gelu+ffn1 reorder time 0.000020, post ffn2 reorder+norm+residual time 0.000020
tensor allocation overhead time 0.000003, other non amm time 0.000004
reorder breakdown: qkv_to_attention 0.000009, o 0.000007, ffn1 0.000008, ffn2 0.000007
host breakdown: attention 0.000062, reorder 0.000031, other 0.000044
iteration 10, inference time 0.001054
--------------------------------------------
input initialization time 0.000017
index calculation time 0.008098
other latency 0.001323, data transfer latency 0.000005, pim kernel latency 0.000001
index calculation time 0.008226
other latency 0.001338, data transfer latency 0.000006, pim kernel latency 0.000001
index calculation time 0.008375
other latency 0.001368, data transfer latency 0.000006, pim kernel latency 0.000001
index calculation time 0.008664
other latency 0.001383, data transfer latency 0.000006, pim kernel latency 0.000001
amm time 0.000908, non amm time 0.000137
attention reorder time 0.000009, attention cpu compute time 0.000063
post o reorder+norm+residual time 0.000019, gelu+ffn1 reorder time 0.000020, post ffn2 reorder+norm+residual time 0.000021
tensor allocation overhead time 0.000002, other non amm time 0.000003
reorder breakdown: qkv_to_attention 0.000009, o 0.000007, ffn1 0.000008, ffn2 0.000008
host breakdown: attention 0.000063, reorder 0.000032, other 0.000042
iteration 11, inference time 0.001050
--------------------------------------------
input initialization time 0.000018
index calculation time 0.008818
other latency 0.001428, data transfer latency 0.000006, pim kernel latency 0.000001
index calculation time 0.008947
other latency 0.001444, data transfer latency 0.000006, pim kernel latency 0.000001
index calculation time 0.009097
other latency 0.001476, data transfer latency 0.000006, pim kernel latency 0.000001
index calculation time 0.009387
other latency 0.001490, data transfer latency 0.000006, pim kernel latency 0.000001
amm time 0.000923, non amm time 0.000137
attention reorder time 0.000009, attention cpu compute time 0.000063
post o reorder+norm+residual time 0.000019, gelu+ffn1 reorder time 0.000020, post ffn2 reorder+norm+residual time 0.000020
tensor allocation overhead time 0.000001, other non amm time 0.000005
reorder breakdown: qkv_to_attention 0.000009, o 0.000008, ffn1 0.000008, ffn2 0.000007
host breakdown: attention 0.000063, reorder 0.000032, other 0.000042
iteration 12, inference time 0.001066
--------------------------------------------
input initialization time 0.000018
index calculation time 0.009541
other latency 0.001543, data transfer latency 0.000006, pim kernel latency 0.000001
index calculation time 0.009661
other latency 0.001558, data transfer latency 0.000006, pim kernel latency 0.000001
index calculation time 0.009811
other latency 0.001587, data transfer latency 0.000006, pim kernel latency 0.000001
index calculation time 0.010100
other latency 0.001602, data transfer latency 0.000006, pim kernel latency 0.000001
amm time 0.000917, non amm time 0.000136
attention reorder time 0.000009, attention cpu compute time 0.000062
post o reorder+norm+residual time 0.000019, gelu+ffn1 reorder time 0.000019, post ffn2 reorder+norm+residual time 0.000020
tensor allocation overhead time 0.000002, other non amm time 0.000005
reorder breakdown: qkv_to_attention 0.000009, o 0.000008, ffn1 0.000007, ffn2 0.000007
host breakdown: attention 0.000062, reorder 0.000031, other 0.000043
iteration 13, inference time 0.001058
--------------------------------------------
input initialization time 0.000018
index calculation time 0.010260
other latency 0.001646, data transfer latency 0.000006, pim kernel latency 0.000001
index calculation time 0.010382
other latency 0.001660, data transfer latency 0.000006, pim kernel latency 0.000001
index calculation time 0.010530
other latency 0.001692, data transfer latency 0.000006, pim kernel latency 0.000001
index calculation time 0.010818
other latency 0.001706, data transfer latency 0.000007, pim kernel latency 0.000001
amm time 0.000909, non amm time 0.000136
attention reorder time 0.000010, attention cpu compute time 0.000063
post o reorder+norm+residual time 0.000019, gelu+ffn1 reorder time 0.000019, post ffn2 reorder+norm+residual time 0.000021
tensor allocation overhead time 0.000002, other non amm time 0.000002
reorder breakdown: qkv_to_attention 0.000010, o 0.000008, ffn1 0.000008, ffn2 0.000007
host breakdown: attention 0.000063, reorder 0.000033, other 0.000040
iteration 14, inference time 0.001050
--------------------------------------------
10 rounds' average inference time 0.001059

----------Transformer Params----------
thread num 1
layer num 1
PIM LUT binaries ./build/bin/dpu_bin_qkv ./build/bin/dpu_bin_o ./build/bin/dpu_bin_ffn1 ./build/bin/dpu_bin_ffn2
----------QKV LUT Params----------
index calc params:
num_threads 1
n 64, input feature len 32
num codebook 16, num centroid 16, sub vec len 2
n stile size 64, cb mtile size 16
lut kernel params:
n 64, output feature len 96, num codebook 16, num centroid 16
scale 0.100000, bias 0.200000
num threads 1, dpu num 8
input parallelism 1, lut parallelism 8, feature stile size 12, n stile size 64
n mtile size 64, feature mtile size 4, cb mtile size 16
lut load type 0, feature load tile size 8, cb load tile size 16
----------O LUT Params----------
index calc params:
num_threads 1
n 64, input feature len 32
num codebook 16, num centroid 16, sub vec len 2
n stile size 64, cb mtile size 16
lut kernel params:
n 64, output feature len 32, num codebook 16, num centroid 16
scale 0.100000, bias 0.200000
num threads 1, dpu num 8
input parallelism 1, lut parallelism 8, feature stile size 4, n stile size 64
n mtile size 64, feature mtile size 4, cb mtile size 16
lut load type 0, feature load tile size 8, cb load tile size 16
----------FFN1 LUT Params----------
index calc params:
num_threads 1
n 64, input feature len 32
num codebook 16, num centroid 16, sub vec len 2
n stile size 64, cb mtile size 16
lut kernel params:
n 64, output feature len 64, num codebook 16, num centroid 16
scale 0.100000, bias 0.200000
num threads 1, dpu num 8
input parallelism 1, lut parallelism 8, feature stile size 8, n stile size 64
n mtile size 64, feature mtile size 8, cb mtile size 16
lut load type 0, feature load tile size 8, cb load tile size 16
----------FFN2 LUT Params----------
index calc params:
num_threads 1
n 64, input feature len 64
num codebook 32, num centroid 16, sub vec len 2
n stile size 64, cb mtile size 16
lut kernel params:
n 64, output feature len 32, num codebook 32, num centroid 16
scale 0.100000, bias 0.200000
num threads 1, dpu num 8
input parallelism 1, lut parallelism 8, feature stile size 4, n stile size 64
n mtile size 64, feature mtile size 4, cb mtile size 16
lut load type 0, feature load tile size 8, cb load tile size 16
----------Attention Params----------
seq len 64, batch size 1, n 64
head num 1, head dim 32, token dim 32
dpu num 8, input parallelism 1, lut parallelism 8
n tile size 64, token tile size 4
num threads 1
-----------------------------------
parameter parsing time 0.001035
weight initialization time 0.003079
dpu allocate time 0.000001
--------------------------------------------
input initialization time 0.000023
index calculation time 0.000168
other latency 0.000055, data transfer latency 0.000001, pim kernel latency 0.000000
index calculation time 0.000295
other latency 0.000075, data transfer latency 0.000001, pim kernel latency 0.000000
index calculation time 0.000462
other latency 0.000112, data transfer latency 0.000001, pim kernel latency 0.000000
index calculation time 0.000766
other latency 0.000132, data transfer latency 0.000001, pim kernel latency 0.000000
amm time 0.001004, non amm time 0.000249
attention reorder time 0.000016, attention cpu compute time 0.000075
post o reorder+norm+residual time 0.000028, gelu+ffn1 reorder time 0.000032, post ffn2 reorder+norm+residual time 0.000033
tensor allocation overhead time 0.000005, other non amm time 0.000060
reorder breakdown: qkv_to_attention 0.000016, o 0.000011, ffn1 0.000014, ffn2 0.000012
host breakdown: attention 0.000075, reorder 0.000053, other 0.000121
iteration 0, inference time 0.001262
--------------------------------------------
input initialization time 0.000019
index calculation time 0.000930
other latency 0.000177, data transfer latency 0.000001, pim kernel latency 0.000000
index calculation time 0.001063
other latency 0.000193, data transfer latency 0.000001, pim kernel latency 0.000000
index calculation time 0.001242
other latency 0.000229, data transfer latency 0.000001, pim kernel latency 0.000001
index calculation time 0.001549
other latency 0.000245, data transfer latency 0.000001, pim kernel latency 0.000001
amm time 0.000996, non amm time 0.000156
attention reorder time 0.000010, attention cpu compute time 0.000066
post o reorder+norm+residual time 0.000021, gelu+ffn1 reorder time 0.000029, post ffn2 reorder+norm+residual time 0.000023
tensor allocation overhead time 0.000001, other non amm time 0.000006
reorder breakdown: qkv_to_attention 0.000010, o 0.000008, ffn1 0.000009, ffn2 0.000008
host breakdown: attention 0.000066, reorder 0.000035, other 0.000055
iteration 1, inference time 0.001158
--------------------------------------------
input initialization time 0.000020
index calculation time 0.001717
other latency 0.000313, data transfer latency 0.000001, pim kernel latency 0.000001
index calculation time 0.001844
other latency 0.000329, data transfer latency 0.000001, pim kernel latency 0.000001
index calculation time 0.002002
other latency 0.000359, data transfer latency 0.000001, pim kernel latency 0.000002
index calculation time 0.002305
other latency 0.000374, data transfer latency 0.000001, pim kernel latency 0.000002
amm time 0.000988, non amm time 0.000177
attention reorder time 0.000012, attention cpu compute time 0.000074
post o reorder+norm+residual time 0.000021, gelu+ffn1 reorder time 0.000037, post ffn2 reorder+norm+residual time 0.000022
tensor allocation overhead time 0.000002, other non amm time 0.000009
reorder breakdown: qkv_to_attention 0.000012, o 0.000008, ffn1 0.000009, ffn2 0.000008
host breakdown: attention 0.000074, reorder 0.000037, other 0.000066
iteration 2, inference time 0.001174
--------------------------------------------
input initialization time 0.000018
index calculation time 0.002550
other latency 0.000423, data transfer latency 0.000002, pim kernel latency 0.000002
index calculation time 0.002676
other latency 0.000439, data transfer latency 0.000002, pim kernel latency 0.000002
index calculation time 0.002833
other latency 0.000473, data transfer latency 0.000002, pim kernel latency 0.000002
index calculation time 0.003145
other latency 0.000489, data transfer latency 0.000002, pim kernel latency 0.000002
amm time 0.001049, non amm time 0.000159
attention reorder time 0.000010, attention cpu compute time 0.000068
post o reorder+norm+residual time 0.000021, gelu+ffn1 reorder time 0.000032, post ffn2 reorder+norm+residual time 0.000021
tensor allocation overhead time 0.000000, other non amm time 0.000007
reorder breakdown: qkv_to_attention 0.000010, o 0.000008, ffn1 0.000009, ffn2 0.000008
host breakdown: attention 0.000068, reorder 0.000035, other 0.000056
iteration 3, inference time 0.001215
--------------------------------------------
input initialization time 0.000019
index calculation time 0.003307
other latency 0.000536, data transfer latency 0.000002, pim kernel latency 0.000002
index calculation time 0.003461
other latency 0.000554, data transfer latency 0.000002, pim kernel latency 0.000002
index calculation time 0.003618
other latency 0.000583, data transfer latency 0.000002, pim kernel latency 0.000002
index calculation time 0.003921
other latency 0.000599, data transfer latency 0.000002, pim kernel latency 0.000002
amm time 0.001025, non amm time 0.000188
attention reorder time 0.000010, attention cpu compute time 0.000091
post o reorder+norm+residual time 0.000020, gelu+ffn1 reorder time 0.000038, post ffn2 reorder+norm+residual time 0.000022
tensor allocation overhead time 0.000004, other non amm time 0.000003
reorder breakdown: qkv_to_attention 0.000010, o 0.000008, ffn1 0.000009, ffn2 0.000008
host breakdown: attention 0.000091, reorder 0.000035, other 0.000062
iteration 4, inference time 0.001218
--------------------------------------------
input initialization time 0.000018
index calculation time 0.004083
other latency 0.000646, data transfer latency 0.000003, pim kernel latency 0.000002
index calculation time 0.004209
other latency 0.000661, data transfer latency 0.000003, pim kernel latency 0.000002
index calculation time 0.004375
other latency 0.000694, data transfer latency 0.000003, pim kernel latency 0.000002
index calculation time 0.004676
other latency 0.000710, data transfer latency 0.000003, pim kernel latency 0.000002
amm time 0.000963, non amm time 0.000146
attention reorder time 0.000010, attention cpu compute time 0.000066
post o reorder+norm+residual time 0.000020, gelu+ffn1 reorder time 0.000022, post ffn2 reorder+norm+residual time 0.000022
tensor allocation overhead time 0.000001, other non amm time 0.000005
reorder breakdown: qkv_to_attention 0.000010, o 0.000008, ffn1 0.000008, ffn2 0.000008
host breakdown: attention 0.000066, reorder 0.000034, other 0.000046
iteration 5, inference time 0.001115
--------------------------------------------
input initialization time 0.000019
index calculation time 0.004837
other latency 0.000758, data transfer latency 0.000003, pim kernel latency 0.000002
index calculation time 0.004975
other latency 0.000773, data transfer latency 0.000003, pim kernel latency 0.000002
index calculation time 0.005132
other latency 0.000804, data transfer latency 0.000003, pim kernel latency 0.000002
index calculation time 0.005435
other latency 0.000820, data transfer latency 0.000003, pim kernel latency 0.000002
amm time 0.000958, non amm time 0.000143
attention reorder time 0.000010, attention cpu compute time 0.000065
post o reorder+norm+residual time 0.000020, gelu+ffn1 reorder time 0.000022, post ffn2 reorder+norm+residual time 0.000021
tensor allocation overhead time 0.000000, other non amm time 0.000005
reorder breakdown: qkv_to_attention 0.000010, o 0.000008, ffn1 0.000009, ffn2 0.000008
host breakdown: attention 0.000065, reorder 0.000035, other 0.000043
iteration 6, inference time 0.001107
--------------------------------------------
input initialization time 0.000018
index calculation time 0.005597
other latency 0.000866, data transfer latency 0.000003, pim kernel latency 0.000002
index calculation time 0.005723
other latency 0.000882, data transfer latency 0.000003, pim kernel latency 0.000002
index calculation time 0.005879
other latency 0.000916, data transfer latency 0.000003, pim kernel latency 0.000002
index calculation time 0.006181
other latency 0.000932, data transfer latency 0.000003, pim kernel latency 0.000003
amm time 0.000943, non amm time 0.000152
attention reorder time 0.000011, attention cpu compute time 0.000074
post o reorder+norm+residual time 0.000020, gelu+ffn1 reorder time 0.000021, post ffn2 reorder+norm+residual time 0.000021
tensor allocation overhead time 0.000001, other non amm time 0.000004
reorder breakdown: qkv_to_attention 0.000011, o 0.000008, ffn1 0.000008, ffn2 0.000007
host breakdown: attention 0.000074, reorder 0.000034, other 0.000044
iteration 7, inference time 0.001100
--------------------------------------------
input initialization time 0.000019
index calculation time 0.006353
other latency 0.000979, data transfer latency 0.000003, pim kernel latency 0.000003
index calculation time 0.006497
other latency 0.001000, data transfer latency 0.000003, pim kernel latency 0.000003
index calculation time 0.006660
other latency 0.001030, data transfer latency 0.000004, pim kernel latency 0.000003
index calculation time 0.006961
other latency 0.001047, data transfer latency 0.000004, pim kernel latency 0.000003
amm time 0.001024, non amm time 0.000161
attention reorder time 0.000010, attention cpu compute time 0.000065
post o reorder+norm+residual time 0.000027, gelu+ffn1 reorder time 0.000022, post ffn2 reorder+norm+residual time 0.000031
tensor allocation overhead time 0.000000, other non amm time 0.000006
reorder breakdown: qkv_to_attention 0.000010, o 0.000012, ffn1 0.000009, ffn2 0.000017
host breakdown: attention 0.000065, reorder 0.000048, other 0.000048
iteration 8, inference time 0.001192
--------------------------------------------
input initialization time 0.000018
index calculation time 0.007122
other latency 0.001094, data transfer latency 0.000004, pim kernel latency 0.000003
index calculation time 0.007250
other latency 0.001115, data transfer latency 0.000004, pim kernel latency 0.000003
index calculation time 0.007406
other latency 0.001144, data transfer latency 0.000004, pim kernel latency 0.000003
index calculation time 0.007718
other latency 0.001160, data transfer latency 0.000004, pim kernel latency 0.000003
amm time 0.000977, non amm time 0.000151
attention reorder time 0.000010, attention cpu compute time 0.000065
post o reorder+norm+residual time 0.000027, gelu+ffn1 reorder time 0.000021, post ffn2 reorder+norm+residual time 0.000021
tensor allocation overhead time 0.000001, other non amm time 0.000006
reorder breakdown: qkv_to_attention 0.000010, o 0.000013, ffn1 0.000008, ffn2 0.000008
host breakdown: attention 0.000065, reorder 0.000039, other 0.000047
iteration 9, inference time 0.001134
--------------------------------------------
input initialization time 0.000019
index calculation time 0.007878
other latency 0.001208, data transfer latency 0.000004, pim kernel latency 0.000004
index calculation time 0.008004
other latency 0.001223, data transfer latency 0.000004, pim kernel latency 0.000004
index calculation time 0.008162
other latency 0.001255, data transfer latency 0.000005, pim kernel latency 0.000004
index calculation time 0.008475
other latency 0.001270, data transfer latency 0.000005, pim kernel latency 0.000004
amm time 0.000952, non amm time 0.000143
attention reorder time 0.000010, attention cpu compute time 0.000065
post o reorder+norm+residual time 0.000020, gelu+ffn1 reorder time 0.000021, post ffn2 reorder+norm+residual time 0.000021
tensor allocation overhead time 0.000001, other non amm time 0.000005
reorder breakdown: qkv_to_attention 0.000010, o 0.000007, ffn1 0.000009, ffn2 0.000008
host breakdown: attention 0.000065, reorder 0.000034, other 0.000044
iteration 10, inference time 0.001104
--------------------------------------------
input initialization time 0.000019
index calculation time 0.008637
other latency 0.001316, data transfer latency 0.000005, pim kernel latency 0.000004
index calculation time 0.008763
other latency 0.001331, data transfer latency 0.000005, pim kernel latency 0.000004
index calculation time 0.008919
other latency 0.001362, data transfer latency 0.000005, pim kernel latency 0.000004
index calculation time 0.009220
other latency 0.001378, data transfer latency 0.000005, pim kernel latency 0.000004
amm time 0.000954, non amm time 0.000143
attention reorder time 0.000011, attention cpu compute time 0.000065
post o reorder+norm+residual time 0.000019, gelu+ffn1 reorder time 0.000021, post ffn2 reorder+norm+residual time 0.000021
tensor allocation overhead time 0.000001, other non amm time 0.000005
reorder breakdown: qkv_to_attention 0.000011, o 0.000007, ffn1 0.000008, ffn2 0.000008
host breakdown: attention 0.000065, reorder 0.000034, other 0.000044
iteration 11, inference time 0.001103
--------------------------------------------
input initialization time 0.000019
index calculation time 0.009381
other latency 0.001425, data transfer latency 0.000005, pim kernel latency 0.000004
index calculation time 0.009506
other latency 0.001440, data transfer latency 0.000005, pim kernel latency 0.000004
index calculation time 0.009673
other latency 0.001473, data transfer latency 0.000005, pim kernel latency 0.000004
index calculation time 0.010004
other latency 0.001489, data transfer latency 0.000005, pim kernel latency 0.000004
amm time 0.000999, non amm time 0.000143
attention reorder time 0.000010, attention cpu compute time 0.000065
post o reorder+norm+residual time 0.000020, gelu+ffn1 reorder time 0.000021, post ffn2 reorder+norm+residual time 0.000021
tensor allocation overhead time 0.000001, other non amm time 0.000005
reorder breakdown: qkv_to_attention 0.000010, o 0.000008, ffn1 0.000008, ffn2 0.000008
host breakdown: attention 0.000065, reorder 0.000034, other 0.000044
iteration 12, inference time 0.001147
--------------------------------------------
input initialization time 0.000018
index calculation time 0.010166
other latency 0.001536, data transfer latency 0.000005, pim kernel latency 0.000005
index calculation time 0.010311
other latency 0.001552, data transfer latency 0.000005, pim kernel latency 0.000005
index calculation time 0.010469
other latency 0.001582, data transfer latency 0.000005, pim kernel latency 0.000005
index calculation time 0.010771
other latency 0.001597, data transfer latency 0.000005, pim kernel latency 0.000005
amm time 0.000976, non amm time 0.000146
attention reorder time 0.000011, attention cpu compute time 0.000064
post o reorder+norm+residual time 0.000021, gelu+ffn1 reorder time 0.000023, post ffn2 reorder+norm+residual time 0.000021
tensor allocation overhead time 0.000000, other non amm time 0.000006
reorder breakdown: qkv_to_attention 0.000011, o 0.000008, ffn1 0.000009, ffn2 0.000008
host breakdown: attention 0.000064, reorder 0.000036, other 0.000046
iteration 13, inference time 0.001127
--------------------------------------------
input initialization time 0.000019
index calculation time 0.010932
other latency 0.001657, data transfer latency 0.000005, pim kernel latency 0.000005
index calculation time 0.011058
other latency 0.001672, data transfer latency 0.000005, pim kernel latency 0.000005
index calculation time 0.011214
other latency 0.001706, data transfer latency 0.000005, pim kernel latency 0.000005
index calculation time 0.011514
other latency 0.001721, data transfer latency 0.000005, pim kernel latency 0.000005
amm time 0.000954, non amm time 0.000148
attention reorder time 0.000011, attention cpu compute time 0.000066
post o reorder+norm+residual time 0.000020, gelu+ffn1 reorder time 0.000022, post ffn2 reorder+norm+residual time 0.000021
tensor allocation overhead time 0.000001, other non amm time 0.000007
reorder breakdown: qkv_to_attention 0.000011, o 0.000008, ffn1 0.000009, ffn2 0.000007
host breakdown: attention 0.000066, reorder 0.000035, other 0.000047
iteration 14, inference time 0.001108
--------------------------------------------
10 rounds' average inference time 0.001124
