----------Transformer Params----------
thread num 1
layer num 1
PIM LUT binaries ./build/bin/dpu_bin_qkv ./build/bin/dpu_bin_o ./build/bin/dpu_bin_ffn1 ./build/bin/dpu_bin_ffn2
----------QKV LUT Params----------
index calc params:
num_threads 1
n 64, input feature len 32
num codebook 16, num centroid 16, sub vec len 2
n stile size 64, cb mtile size 16
lut kernel params:
n 64, output feature len 96, num codebook 16, num centroid 16
scale 0.100000, bias 0.200000
num threads 1, dpu num 1
input parallelism 1, lut parallelism 1, feature stile size 96, n stile size 64
n mtile size 64, feature mtile size 16, cb mtile size 16
lut load type 0, feature load tile size 8, cb load tile size 16
----------O LUT Params----------
index calc params:
num_threads 1
n 64, input feature len 32
num codebook 16, num centroid 16, sub vec len 2
n stile size 64, cb mtile size 16
lut kernel params:
n 64, output feature len 32, num codebook 16, num centroid 16
scale 0.100000, bias 0.200000
num threads 1, dpu num 1
input parallelism 1, lut parallelism 1, feature stile size 32, n stile size 64
n mtile size 64, feature mtile size 16, cb mtile size 16
lut load type 0, feature load tile size 8, cb load tile size 16
----------FFN1 LUT Params----------
index calc params:
num_threads 1
n 64, input feature len 32
num codebook 16, num centroid 16, sub vec len 2
n stile size 64, cb mtile size 16
lut kernel params:
n 64, output feature len 64, num codebook 16, num centroid 16
scale 0.100000, bias 0.200000
num threads 1, dpu num 1
input parallelism 1, lut parallelism 1, feature stile size 64, n stile size 64
n mtile size 64, feature mtile size 16, cb mtile size 16
lut load type 0, feature load tile size 8, cb load tile size 16
----------FFN2 LUT Params----------
index calc params:
num_threads 1
n 64, input feature len 64
num codebook 32, num centroid 16, sub vec len 2
n stile size 64, cb mtile size 16
lut kernel params:
n 64, output feature len 32, num codebook 32, num centroid 16
scale 0.100000, bias 0.200000
num threads 1, dpu num 1
input parallelism 1, lut parallelism 1, feature stile size 32, n stile size 64
n mtile size 64, feature mtile size 16, cb mtile size 16
lut load type 0, feature load tile size 8, cb load tile size 16
----------Attention Params----------
seq len 64, batch size 1, n 64
head num 1, head dim 32, token dim 32
dpu num 1, input parallelism 1, lut parallelism 1
n tile size 64, token tile size 32
num threads 1
-----------------------------------
parameter parsing time 0.001145
weight initialization time 0.003313
dpu allocate time 0.000001
--------------------------------------------
input initialization time 0.000029
index calculation time 0.000191
other latency 0.000061, data transfer latency 0.000000, pim kernel latency 0.000000
index calculation time 0.000334
other latency 0.000082, data transfer latency 0.000000, pim kernel latency 0.000000
index calculation time 0.000505
other latency 0.000123, data transfer latency 0.000000, pim kernel latency 0.000000
index calculation time 0.000842
other latency 0.000145, data transfer latency 0.000000, pim kernel latency 0.000000
amm time 0.001105, non amm time 0.000240
attention reorder time 0.000015, attention cpu compute time 0.000081
post o reorder+norm+residual time 0.000025, gelu+ffn1 reorder time 0.000030, post ffn2 reorder+norm+residual time 0.000024
tensor allocation overhead time 0.000007, other non amm time 0.000058
reorder breakdown: qkv_to_attention 0.000015, o 0.000006, ffn1 0.000010, ffn2 0.000006
host breakdown: attention 0.000081, reorder 0.000037, other 0.000122
iteration 0, inference time 0.001356
--------------------------------------------
input initialization time 0.000021
index calculation time 0.001020
other latency 0.000193, data transfer latency 0.000000, pim kernel latency 0.000000
index calculation time 0.001154
other latency 0.000209, data transfer latency 0.000001, pim kernel latency 0.000000
index calculation time 0.001322
other latency 0.000294, data transfer latency 0.000001, pim kernel latency 0.000001
index calculation time 0.001651
other latency 0.000311, data transfer latency 0.000002, pim kernel latency 0.000001
amm time 0.001074, non amm time 0.000137
attention reorder time 0.000007, attention cpu compute time 0.000072
post o reorder+norm+residual time 0.000016, gelu+ffn1 reorder time 0.000019, post ffn2 reorder+norm+residual time 0.000017
tensor allocation overhead time 0.000002, other non amm time 0.000004
reorder breakdown: qkv_to_attention 0.000007, o 0.000003, ffn1 0.000004, ffn2 0.000003
host breakdown: attention 0.000072, reorder 0.000017, other 0.000048
iteration 1, inference time 0.001218
--------------------------------------------
input initialization time 0.000020
index calculation time 0.001829
other latency 0.000362, data transfer latency 0.000002, pim kernel latency 0.000001
index calculation time 0.001965
other latency 0.000395, data transfer latency 0.000002, pim kernel latency 0.000001
index calculation time 0.002133
other latency 0.000428, data transfer latency 0.000002, pim kernel latency 0.000001
index calculation time 0.002461
other latency 0.000445, data transfer latency 0.000002, pim kernel latency 0.000001
amm time 0.001039, non amm time 0.000136
attention reorder time 0.000006, attention cpu compute time 0.000071
post o reorder+norm+residual time 0.000017, gelu+ffn1 reorder time 0.000018, post ffn2 reorder+norm+residual time 0.000017
tensor allocation overhead time 0.000003, other non amm time 0.000004
reorder breakdown: qkv_to_attention 0.000006, o 0.000004, ffn1 0.000004, ffn2 0.000002
host breakdown: attention 0.000071, reorder 0.000016, other 0.000049
iteration 2, inference time 0.001181
--------------------------------------------
input initialization time 0.000020
index calculation time 0.002638
other latency 0.000496, data transfer latency 0.000002, pim kernel latency 0.000001
index calculation time 0.002774
other latency 0.000513, data transfer latency 0.000002, pim kernel latency 0.000001
index calculation time 0.002941
other latency 0.000547, data transfer latency 0.000002, pim kernel latency 0.000001
index calculation time 0.003269
other latency 0.000563, data transfer latency 0.000002, pim kernel latency 0.000001
amm time 0.001021, non amm time 0.000142
attention reorder time 0.000006, attention cpu compute time 0.000078
post o reorder+norm+residual time 0.000015, gelu+ffn1 reorder time 0.000018, post ffn2 reorder+norm+residual time 0.000017
tensor allocation overhead time 0.000002, other non amm time 0.000006
reorder breakdown: qkv_to_attention 0.000006, o 0.000002, ffn1 0.000004, ffn2 0.000003
host breakdown: attention 0.000078, reorder 0.000015, other 0.000049
iteration 3, inference time 0.001170
--------------------------------------------
input initialization time 0.000020
index calculation time 0.003452
other latency 0.000614, data transfer latency 0.000002, pim kernel latency 0.000001
index calculation time 0.003587
other latency 0.000630, data transfer latency 0.000002, pim kernel latency 0.000001
index calculation time 0.003754
other latency 0.000662, data transfer latency 0.000003, pim kernel latency 0.000001
index calculation time 0.004087
other latency 0.000679, data transfer latency 0.000003, pim kernel latency 0.000001
amm time 0.001050, non amm time 0.000135
attention reorder time 0.000006, attention cpu compute time 0.000072
post o reorder+norm+residual time 0.000015, gelu+ffn1 reorder time 0.000019, post ffn2 reorder+norm+residual time 0.000017
tensor allocation overhead time 0.000002, other non amm time 0.000004
reorder breakdown: qkv_to_attention 0.000006, o 0.000002, ffn1 0.000005, ffn2 0.000002
host breakdown: attention 0.000072, reorder 0.000015, other 0.000048
iteration 4, inference time 0.001190
--------------------------------------------
input initialization time 0.000020
index calculation time 0.004264
other latency 0.000731, data transfer latency 0.000003, pim kernel latency 0.000001
index calculation time 0.004399
other latency 0.000747, data transfer latency 0.000003, pim kernel latency 0.000001
index calculation time 0.004566
other latency 0.000786, data transfer latency 0.000004, pim kernel latency 0.000001
index calculation time 0.004941
other latency 0.000803, data transfer latency 0.000004, pim kernel latency 0.000001
amm time 0.001098, non amm time 0.000146
attention reorder time 0.000006, attention cpu compute time 0.000071
post o reorder+norm+residual time 0.000017, gelu+ffn1 reorder time 0.000028, post ffn2 reorder+norm+residual time 0.000018
tensor allocation overhead time 0.000001, other non amm time 0.000005
reorder breakdown: qkv_to_attention 0.000006, o 0.000003, ffn1 0.000005, ffn2 0.000004
host breakdown: attention 0.000071, reorder 0.000018, other 0.000057
iteration 5, inference time 0.001251
--------------------------------------------
input initialization time 0.000020
index calculation time 0.005119
other latency 0.000854, data transfer latency 0.000004, pim kernel latency 0.000001
index calculation time 0.005254
other latency 0.000871, data transfer latency 0.000004, pim kernel latency 0.000001
index calculation time 0.005430
other latency 0.000904, data transfer latency 0.000004, pim kernel latency 0.000001
index calculation time 0.005759
other latency 0.000922, data transfer latency 0.000004, pim kernel latency 0.000001
amm time 0.001049, non amm time 0.000150
attention reorder time 0.000006, attention cpu compute time 0.000073
post o reorder+norm+residual time 0.000016, gelu+ffn1 reorder time 0.000031, post ffn2 reorder+norm+residual time 0.000017
tensor allocation overhead time 0.000003, other non amm time 0.000004
reorder breakdown: qkv_to_attention 0.000006, o 0.000003, ffn1 0.000005, ffn2 0.000002
host breakdown: attention 0.000073, reorder 0.000016, other 0.000061
iteration 6, inference time 0.001206
--------------------------------------------
input initialization time 0.000020
index calculation time 0.005968
other latency 0.000973, data transfer latency 0.000004, pim kernel latency 0.000001
index calculation time 0.006114
other latency 0.000988, data transfer latency 0.000004, pim kernel latency 0.000001
index calculation time 0.006282
other latency 0.001024, data transfer latency 0.000004, pim kernel latency 0.000001
index calculation time 0.006609
other latency 0.001041, data transfer latency 0.000004, pim kernel latency 0.000001
amm time 0.001068, non amm time 0.000139
attention reorder time 0.000006, attention cpu compute time 0.000072
post o reorder+norm+residual time 0.000016, gelu+ffn1 reorder time 0.000021, post ffn2 reorder+norm+residual time 0.000018
tensor allocation overhead time 0.000000, other non amm time 0.000006
reorder breakdown: qkv_to_attention 0.000006, o 0.000003, ffn1 0.000005, ffn2 0.000003
host breakdown: attention 0.000072, reorder 0.000017, other 0.000050
iteration 7, inference time 0.001213
--------------------------------------------
input initialization time 0.000020
index calculation time 0.006792
other latency 0.001092, data transfer latency 0.000004, pim kernel latency 0.000001
index calculation time 0.006929
other latency 0.001109, data transfer latency 0.000004, pim kernel latency 0.000001
index calculation time 0.007096
other latency 0.001142, data transfer latency 0.000004, pim kernel latency 0.000001
index calculation time 0.007422
other latency 0.001159, data transfer latency 0.000004, pim kernel latency 0.000001
amm time 0.001059, non amm time 0.000136
attention reorder time 0.000006, attention cpu compute time 0.000072
post o reorder+norm+residual time 0.000017, gelu+ffn1 reorder time 0.000018, post ffn2 reorder+norm+residual time 0.000017
tensor allocation overhead time 0.000001, other non amm time 0.000005
reorder breakdown: qkv_to_attention 0.000006, o 0.000004, ffn1 0.000004, ffn2 0.000002
host breakdown: attention 0.000072, reorder 0.000016, other 0.000048
iteration 8, inference time 0.001203
--------------------------------------------
input initialization time 0.000020
index calculation time 0.007599
other latency 0.001211, data transfer latency 0.000004, pim kernel latency 0.000001
index calculation time 0.007733
other latency 0.001227, data transfer latency 0.000004, pim kernel latency 0.000001
index calculation time 0.007900
other latency 0.001260, data transfer latency 0.000004, pim kernel latency 0.000001
index calculation time 0.008234
other latency 0.001276, data transfer latency 0.000004, pim kernel latency 0.000001
amm time 0.001027, non amm time 0.000135
attention reorder time 0.000006, attention cpu compute time 0.000071
post o reorder+norm+residual time 0.000016, gelu+ffn1 reorder time 0.000018, post ffn2 reorder+norm+residual time 0.000018
tensor allocation overhead time 0.000000, other non amm time 0.000006
reorder breakdown: qkv_to_attention 0.000006, o 0.000003, ffn1 0.000004, ffn2 0.000003
host breakdown: attention 0.000071, reorder 0.000015, other 0.000048
iteration 9, inference time 0.001168
--------------------------------------------
input initialization time 0.000021
index calculation time 0.008411
other latency 0.001333, data transfer latency 0.000004, pim kernel latency 0.000001
index calculation time 0.008546
other latency 0.001349, data transfer latency 0.000004, pim kernel latency 0.000001
index calculation time 0.008714
other latency 0.001390, data transfer latency 0.000004, pim kernel latency 0.000001
index calculation time 0.009051
other latency 0.001409, data transfer latency 0.000004, pim kernel latency 0.000001
amm time 0.001055, non amm time 0.000136
attention reorder time 0.000005, attention cpu compute time 0.000072
post o reorder+norm+residual time 0.000017, gelu+ffn1 reorder time 0.000019, post ffn2 reorder+norm+residual time 0.000017
tensor allocation overhead time 0.000000, other non amm time 0.000006
reorder breakdown: qkv_to_attention 0.000005, o 0.000003, ffn1 0.000005, ffn2 0.000003
host breakdown: attention 0.000072, reorder 0.000016, other 0.000048
iteration 10, inference time 0.001198
--------------------------------------------
input initialization time 0.000021
index calculation time 0.009227
other latency 0.001461, data transfer latency 0.000004, pim kernel latency 0.000001
index calculation time 0.009364
other latency 0.001485, data transfer latency 0.000004, pim kernel latency 0.000001
index calculation time 0.009532
other latency 0.001518, data transfer latency 0.000004, pim kernel latency 0.000001
index calculation time 0.009859
other latency 0.001536, data transfer latency 0.000005, pim kernel latency 0.000001
amm time 0.001030, non amm time 0.000137
attention reorder time 0.000005, attention cpu compute time 0.000071
post o reorder+norm+residual time 0.000017, gelu+ffn1 reorder time 0.000018, post ffn2 reorder+norm+residual time 0.000017
tensor allocation overhead time 0.000002, other non amm time 0.000007
reorder breakdown: qkv_to_attention 0.000005, o 0.000003, ffn1 0.000005, ffn2 0.000002
host breakdown: attention 0.000071, reorder 0.000015, other 0.000051
iteration 11, inference time 0.001173
--------------------------------------------
input initialization time 0.000021
index calculation time 0.010035
other latency 0.001586, data transfer latency 0.000005, pim kernel latency 0.000001
index calculation time 0.010175
other latency 0.001602, data transfer latency 0.000005, pim kernel latency 0.000001
index calculation time 0.010342
other latency 0.001639, data transfer latency 0.000005, pim kernel latency 0.000001
index calculation time 0.010669
other latency 0.001657, data transfer latency 0.000005, pim kernel latency 0.000001
amm time 0.001041, non amm time 0.000141
attention reorder time 0.000006, attention cpu compute time 0.000077
post o reorder+norm+residual time 0.000016, gelu+ffn1 reorder time 0.000019, post ffn2 reorder+norm+residual time 0.000018
tensor allocation overhead time 0.000002, other non amm time 0.000003
reorder breakdown: qkv_to_attention 0.000006, o 0.000003, ffn1 0.000004, ffn2 0.000003
host breakdown: attention 0.000077, reorder 0.000016, other 0.000048
iteration 12, inference time 0.001189
--------------------------------------------
input initialization time 0.000020
index calculation time 0.010854
other latency 0.001708, data transfer latency 0.000005, pim kernel latency 0.000001
index calculation time 0.010990
other latency 0.001724, data transfer latency 0.000005, pim kernel latency 0.000001
index calculation time 0.011157
other latency 0.001756, data transfer latency 0.000005, pim kernel latency 0.000001
index calculation time 0.011492
other latency 0.001774, data transfer latency 0.000005, pim kernel latency 0.000001
amm time 0.001040, non amm time 0.000134
attention reorder time 0.000005, attention cpu compute time 0.000071
post o reorder+norm+residual time 0.000016, gelu+ffn1 reorder time 0.000018, post ffn2 reorder+norm+residual time 0.000018
tensor allocation overhead time 0.000002, other non amm time 0.000004
reorder breakdown: qkv_to_attention 0.000005, o 0.000002, ffn1 0.000004, ffn2 0.000003
host breakdown: attention 0.000071, reorder 0.000014, other 0.000049
iteration 13, inference time 0.001180
--------------------------------------------
input initialization time 0.000021
index calculation time 0.011668
other latency 0.001830, data transfer latency 0.000005, pim kernel latency 0.000001
index calculation time 0.011804
other latency 0.001848, data transfer latency 0.000005, pim kernel latency 0.000001
index calculation time 0.011971
other latency 0.001881, data transfer latency 0.000005, pim kernel latency 0.000001
index calculation time 0.012305
other latency 0.001897, data transfer latency 0.000005, pim kernel latency 0.000001
amm time 0.001034, non amm time 0.000133
attention reorder time 0.000005, attention cpu compute time 0.000071
post o reorder+norm+residual time 0.000016, gelu+ffn1 reorder time 0.000018, post ffn2 reorder+norm+residual time 0.000017
tensor allocation overhead time 0.000002, other non amm time 0.000004
reorder breakdown: qkv_to_attention 0.000005, o 0.000003, ffn1 0.000005, ffn2 0.000003
host breakdown: attention 0.000071, reorder 0.000016, other 0.000046
iteration 14, inference time 0.001174
--------------------------------------------
10 rounds' average inference time 0.001196

----------Transformer Params----------
thread num 1
layer num 1
PIM LUT binaries ./build/bin/dpu_bin_qkv ./build/bin/dpu_bin_o ./build/bin/dpu_bin_ffn1 ./build/bin/dpu_bin_ffn2
----------QKV LUT Params----------
index calc params:
num_threads 1
n 64, input feature len 32
num codebook 16, num centroid 16, sub vec len 2
n stile size 64, cb mtile size 16
lut kernel params:
n 64, output feature len 96, num codebook 16, num centroid 16
scale 0.100000, bias 0.200000
num threads 1, dpu num 1
input parallelism 1, lut parallelism 1, feature stile size 96, n stile size 64
n mtile size 64, feature mtile size 16, cb mtile size 16
lut load type 0, feature load tile size 8, cb load tile size 16
----------O LUT Params----------
index calc params:
num_threads 1
n 64, input feature len 32
num codebook 16, num centroid 16, sub vec len 2
n stile size 64, cb mtile size 16
lut kernel params:
n 64, output feature len 32, num codebook 16, num centroid 16
scale 0.100000, bias 0.200000
num threads 1, dpu num 1
input parallelism 1, lut parallelism 1, feature stile size 32, n stile size 64
n mtile size 64, feature mtile size 16, cb mtile size 16
lut load type 0, feature load tile size 8, cb load tile size 16
----------FFN1 LUT Params----------
index calc params:
num_threads 1
n 64, input feature len 32
num codebook 16, num centroid 16, sub vec len 2
n stile size 64, cb mtile size 16
lut kernel params:
n 64, output feature len 64, num codebook 16, num centroid 16
scale 0.100000, bias 0.200000
num threads 1, dpu num 1
input parallelism 1, lut parallelism 1, feature stile size 64, n stile size 64
n mtile size 64, feature mtile size 16, cb mtile size 16
lut load type 0, feature load tile size 8, cb load tile size 16
----------FFN2 LUT Params----------
index calc params:
num_threads 1
n 64, input feature len 64
num codebook 32, num centroid 16, sub vec len 2
n stile size 64, cb mtile size 16
lut kernel params:
n 64, output feature len 32, num codebook 32, num centroid 16
scale 0.100000, bias 0.200000
num threads 1, dpu num 1
input parallelism 1, lut parallelism 1, feature stile size 32, n stile size 64
n mtile size 64, feature mtile size 16, cb mtile size 16
lut load type 0, feature load tile size 8, cb load tile size 16
----------Attention Params----------
seq len 64, batch size 1, n 64
head num 1, head dim 32, token dim 32
dpu num 1, input parallelism 1, lut parallelism 1
n tile size 64, token tile size 32
num threads 1
-----------------------------------
parameter parsing time 0.001153
weight initialization time 0.003354
dpu allocate time 0.000001
--------------------------------------------
input initialization time 0.000024
index calculation time 0.000185
other latency 0.000061, data transfer latency 0.000000, pim kernel latency 0.000000
index calculation time 0.000334
other latency 0.000083, data transfer latency 0.000000, pim kernel latency 0.000000
index calculation time 0.000504
other latency 0.000122, data transfer latency 0.000000, pim kernel latency 0.000000
index calculation time 0.000835
other latency 0.000143, data transfer latency 0.000000, pim kernel latency 0.000000
amm time 0.001099, non amm time 0.000245
attention reorder time 0.000015, attention cpu compute time 0.000080
post o reorder+norm+residual time 0.000026, gelu+ffn1 reorder time 0.000030, post ffn2 reorder+norm+residual time 0.000030
tensor allocation overhead time 0.000005, other non amm time 0.000059
reorder breakdown: qkv_to_attention 0.000015, o 0.000007, ffn1 0.000010, ffn2 0.000012
host breakdown: attention 0.000080, reorder 0.000044, other 0.000121
iteration 0, inference time 0.001358
--------------------------------------------
input initialization time 0.000021
index calculation time 0.001021
other latency 0.000191, data transfer latency 0.000000, pim kernel latency 0.000000
index calculation time 0.001156
other latency 0.000211, data transfer latency 0.000000, pim kernel latency 0.000000
index calculation time 0.001324
other latency 0.000248, data transfer latency 0.000000, pim kernel latency 0.000000
index calculation time 0.001652
other latency 0.000265, data transfer latency 0.000000, pim kernel latency 0.000000
amm time 0.001045, non amm time 0.000139
attention reorder time 0.000007, attention cpu compute time 0.000073
post o reorder+norm+residual time 0.000017, gelu+ffn1 reorder time 0.000019, post ffn2 reorder+norm+residual time 0.000017
tensor allocation overhead time 0.000001, other non amm time 0.000006
reorder breakdown: qkv_to_attention 0.000007, o 0.000003, ffn1 0.000004, ffn2 0.000002
host breakdown: attention 0.000073, reorder 0.000016, other 0.000051
iteration 1, inference time 0.001191
--------------------------------------------
input initialization time 0.000021
index calculation time 0.001830
other latency 0.000346, data transfer latency 0.000000, pim kernel latency 0.000000
index calculation time 0.001968
other latency 0.000363, data transfer latency 0.000000, pim kernel latency 0.000000
index calculation time 0.002136
other latency 0.000396, data transfer latency 0.000000, pim kernel latency 0.000000
index calculation time 0.002470
other latency 0.000413, data transfer latency 0.000000, pim kernel latency 0.000000
amm time 0.001066, non amm time 0.000137
attention reorder time 0.000006, attention cpu compute time 0.000072
post o reorder+norm+residual time 0.000016, gelu+ffn1 reorder time 0.000020, post ffn2 reorder+norm+residual time 0.000018
tensor allocation overhead time 0.000000, other non amm time 0.000005
reorder breakdown: qkv_to_attention 0.000006, o 0.000003, ffn1 0.000005, ffn2 0.000003
host breakdown: attention 0.000072, reorder 0.000017, other 0.000048
iteration 2, inference time 0.001211
--------------------------------------------
input initialization time 0.000021
index calculation time 0.002647
other latency 0.000465, data transfer latency 0.000000, pim kernel latency 0.000000
index calculation time 0.002782
other latency 0.000483, data transfer latency 0.000000, pim kernel latency 0.000000
index calculation time 0.002962
other latency 0.000522, data transfer latency 0.000000, pim kernel latency 0.000000
index calculation time 0.003289
other latency 0.000539, data transfer latency 0.000000, pim kernel latency 0.000000
amm time 0.001062, non amm time 0.000141
attention reorder time 0.000006, attention cpu compute time 0.000072
post o reorder+norm+residual time 0.000016, gelu+ffn1 reorder time 0.000023, post ffn2 reorder+norm+residual time 0.000018
tensor allocation overhead time 0.000003, other non amm time 0.000003
reorder breakdown: qkv_to_attention 0.000006, o 0.000003, ffn1 0.000005, ffn2 0.000003
host breakdown: attention 0.000072, reorder 0.000017, other 0.000052
iteration 3, inference time 0.001210
--------------------------------------------
input initialization time 0.000020
index calculation time 0.003468
other latency 0.000592, data transfer latency 0.000000, pim kernel latency 0.000000
index calculation time 0.003671
other latency 0.000609, data transfer latency 0.000000, pim kernel latency 0.000000
index calculation time 0.003878
other latency 0.000648, data transfer latency 0.000000, pim kernel latency 0.000000
index calculation time 0.004260
other latency 0.000667, data transfer latency 0.000000, pim kernel latency 0.000000
amm time 0.001265, non amm time 0.000191
attention reorder time 0.000007, attention cpu compute time 0.000075
post o reorder+norm+residual time 0.000017, gelu+ffn1 reorder time 0.000065, post ffn2 reorder+norm+residual time 0.000020
tensor allocation overhead time 0.000001, other non amm time 0.000006
reorder breakdown: qkv_to_attention 0.000007, o 0.000004, ffn1 0.000034, ffn2 0.000003
host breakdown: attention 0.000075, reorder 0.000048, other 0.000068
iteration 4, inference time 0.001464
--------------------------------------------
input initialization time 0.000083
index calculation time 0.004470
other latency 0.000728, data transfer latency 0.000000, pim kernel latency 0.000000
index calculation time 0.004630
other latency 0.000748, data transfer latency 0.000000, pim kernel latency 0.000000
index calculation time 0.004824
other latency 0.000791, data transfer latency 0.000000, pim kernel latency 0.000000
index calculation time 0.005216
other latency 0.000811, data transfer latency 0.000000, pim kernel latency 0.000000
amm time 0.001230, non amm time 0.000177
attention reorder time 0.000007, attention cpu compute time 0.000086
post o reorder+norm+residual time 0.000020, gelu+ffn1 reorder time 0.000034, post ffn2 reorder+norm+residual time 0.000021
tensor allocation overhead time 0.000002, other non amm time 0.000007
reorder breakdown: qkv_to_attention 0.000007, o 0.000004, ffn1 0.000005, ffn2 0.000003
host breakdown: attention 0.000086, reorder 0.000019, other 0.000072
iteration 5, inference time 0.001415
--------------------------------------------
input initialization time 0.000024
index calculation time 0.005423
other latency 0.000873, data transfer latency 0.000000, pim kernel latency 0.000000
index calculation time 0.005605
other latency 0.000893, data transfer latency 0.000000, pim kernel latency 0.000000
index calculation time 0.005801
other latency 0.000931, data transfer latency 0.000000, pim kernel latency 0.000000
index calculation time 0.006182
other latency 0.000951, data transfer latency 0.000000, pim kernel latency 0.000000
amm time 0.001236, non amm time 0.000164
attention reorder time 0.000006, attention cpu compute time 0.000085
post o reorder+norm+residual time 0.000020, gelu+ffn1 reorder time 0.000025, post ffn2 reorder+norm+residual time 0.000020
tensor allocation overhead time 0.000002, other non amm time 0.000006
reorder breakdown: qkv_to_attention 0.000006, o 0.000003, ffn1 0.000006, ffn2 0.000003
host breakdown: attention 0.000085, reorder 0.000018, other 0.000061
iteration 6, inference time 0.001408
--------------------------------------------
input initialization time 0.000024
index calculation time 0.006407
other latency 0.001030, data transfer latency 0.000001, pim kernel latency 0.000000
index calculation time 0.006570
other latency 0.001049, data transfer latency 0.000001, pim kernel latency 0.000001
index calculation time 0.006767
other latency 0.001093, data transfer latency 0.000001, pim kernel latency 0.000001
index calculation time 0.007167
other latency 0.001113, data transfer latency 0.000001, pim kernel latency 0.000001
amm time 0.001295, non amm time 0.000171
attention reorder time 0.000007, attention cpu compute time 0.000086
post o reorder+norm+residual time 0.000019, gelu+ffn1 reorder time 0.000028, post ffn2 reorder+norm+residual time 0.000021
tensor allocation overhead time 0.000002, other non amm time 0.000008
reorder breakdown: qkv_to_attention 0.000007, o 0.000003, ffn1 0.000005, ffn2 0.000003
host breakdown: attention 0.000086, reorder 0.000018, other 0.000067
iteration 7, inference time 0.001472
--------------------------------------------
input initialization time 0.000024
index calculation time 0.007373
other latency 0.001174, data transfer latency 0.000001, pim kernel latency 0.000001
index calculation time 0.007545
other latency 0.001193, data transfer latency 0.000002, pim kernel latency 0.000001
index calculation time 0.007741
other latency 0.001230, data transfer latency 0.000003, pim kernel latency 0.000001
index calculation time 0.008168
other latency 0.001251, data transfer latency 0.000003, pim kernel latency 0.000001
amm time 0.001300, non amm time 0.000163
attention reorder time 0.000007, attention cpu compute time 0.000084
post o reorder+norm+residual time 0.000019, gelu+ffn1 reorder time 0.000024, post ffn2 reorder+norm+residual time 0.000021
tensor allocation overhead time 0.000003, other non amm time 0.000005
reorder breakdown: qkv_to_attention 0.000007, o 0.000004, ffn1 0.000005, ffn2 0.000003
host breakdown: attention 0.000084, reorder 0.000019, other 0.000060
iteration 8, inference time 0.001471
--------------------------------------------
input initialization time 0.000024
index calculation time 0.008385
other latency 0.001312, data transfer latency 0.000003, pim kernel latency 0.000001
index calculation time 0.008542
other latency 0.001331, data transfer latency 0.000003, pim kernel latency 0.000001
index calculation time 0.008737
other latency 0.001368, data transfer latency 0.000004, pim kernel latency 0.000001
index calculation time 0.009137
other latency 0.001388, data transfer latency 0.000004, pim kernel latency 0.000001
amm time 0.001239, non amm time 0.000161
attention reorder time 0.000007, attention cpu compute time 0.000084
post o reorder+norm+residual time 0.000018, gelu+ffn1 reorder time 0.000023, post ffn2 reorder+norm+residual time 0.000021
tensor allocation overhead time 0.000003, other non amm time 0.000005
reorder breakdown: qkv_to_attention 0.000007, o 0.000003, ffn1 0.000005, ffn2 0.000004
host breakdown: attention 0.000084, reorder 0.000019, other 0.000058
iteration 9, inference time 0.001408
--------------------------------------------
input initialization time 0.000024
index calculation time 0.009345
other latency 0.001449, data transfer latency 0.000004, pim kernel latency 0.000001
index calculation time 0.009503
other latency 0.001489, data transfer latency 0.000005, pim kernel latency 0.000001
index calculation time 0.009699
other latency 0.001541, data transfer latency 0.000005, pim kernel latency 0.000002
index calculation time 0.010155
other latency 0.001565, data transfer latency 0.000005, pim kernel latency 0.000002
amm time 0.001338, non amm time 0.000170
attention reorder time 0.000007, attention cpu compute time 0.000083
post o reorder+norm+residual time 0.000019, gelu+ffn1 reorder time 0.000026, post ffn2 reorder+norm+residual time 0.000024
tensor allocation overhead time 0.000004, other non amm time 0.000007
reorder breakdown: qkv_to_attention 0.000007, o 0.000003, ffn1 0.000006, ffn2 0.000003
host breakdown: attention 0.000083, reorder 0.000019, other 0.000068
iteration 10, inference time 0.001516
--------------------------------------------
input initialization time 0.000029
index calculation time 0.010416
other latency 0.001638, data transfer latency 0.000006, pim kernel latency 0.000002
index calculation time 0.010606
other latency 0.001661, data transfer latency 0.000006, pim kernel latency 0.000002
index calculation time 0.010841
other latency 0.001716, data transfer latency 0.000006, pim kernel latency 0.000003
index calculation time 0.011299
other latency 0.001739, data transfer latency 0.000006, pim kernel latency 0.000003
amm time 0.001461, non amm time 0.000191
attention reorder time 0.000009, attention cpu compute time 0.000100
post o reorder+norm+residual time 0.000023, gelu+ffn1 reorder time 0.000026, post ffn2 reorder+norm+residual time 0.000024
tensor allocation overhead time 0.000002, other non amm time 0.000007
reorder breakdown: qkv_to_attention 0.000009, o 0.000004, ffn1 0.000005, ffn2 0.000004
host breakdown: attention 0.000100, reorder 0.000022, other 0.000069
iteration 11, inference time 0.001661
--------------------------------------------
input initialization time 0.000029
index calculation time 0.011546
other latency 0.001820, data transfer latency 0.000006, pim kernel latency 0.000003
index calculation time 0.011737
other latency 0.001851, data transfer latency 0.000006, pim kernel latency 0.000003
index calculation time 0.011973
other latency 0.001905, data transfer latency 0.000006, pim kernel latency 0.000003
index calculation time 0.012469
other latency 0.001930, data transfer latency 0.000006, pim kernel latency 0.000003
amm time 0.001586, non amm time 0.000217
attention reorder time 0.000008, attention cpu compute time 0.000100
post o reorder+norm+residual time 0.000030, gelu+ffn1 reorder time 0.000043, post ffn2 reorder+norm+residual time 0.000027
tensor allocation overhead time 0.000003, other non amm time 0.000006
reorder breakdown: qkv_to_attention 0.000008, o 0.000006, ffn1 0.000006, ffn2 0.000004
host breakdown: attention 0.000100, reorder 0.000024, other 0.000093
iteration 12, inference time 0.001812
--------------------------------------------
input initialization time 0.000030
index calculation time 0.012717
other latency 0.002008, data transfer latency 0.000006, pim kernel latency 0.000004
index calculation time 0.012908
other latency 0.002031, data transfer latency 0.000006, pim kernel latency 0.000005
index calculation time 0.013143
other latency 0.002077, data transfer latency 0.000006, pim kernel latency 0.000005
index calculation time 0.013620
other latency 0.002101, data transfer latency 0.000006, pim kernel latency 0.000005
amm time 0.001506, non amm time 0.000249
attention reorder time 0.000009, attention cpu compute time 0.000139
post o reorder+norm+residual time 0.000022, gelu+ffn1 reorder time 0.000040, post ffn2 reorder+norm+residual time 0.000025
tensor allocation overhead time 0.000004, other non amm time 0.000010
reorder breakdown: qkv_to_attention 0.000009, o 0.000003, ffn1 0.000006, ffn2 0.000004
host breakdown: attention 0.000139, reorder 0.000022, other 0.000088
iteration 13, inference time 0.001764
--------------------------------------------
input initialization time 0.000029
index calculation time 0.013869
other latency 0.002173, data transfer latency 0.000006, pim kernel latency 0.000005
index calculation time 0.014088
other latency 0.002198, data transfer latency 0.000006, pim kernel latency 0.000005
index calculation time 0.014323
other latency 0.002249, data transfer latency 0.000006, pim kernel latency 0.000005
index calculation time 0.014781
other latency 0.002286, data transfer latency 0.000006, pim kernel latency 0.000005
amm time 0.001502, non amm time 0.000236
attention reorder time 0.000009, attention cpu compute time 0.000133
post o reorder+norm+residual time 0.000023, gelu+ffn1 reorder time 0.000037, post ffn2 reorder+norm+residual time 0.000025
tensor allocation overhead time 0.000002, other non amm time 0.000007
reorder breakdown: qkv_to_attention 0.000009, o 0.000004, ffn1 0.000006, ffn2 0.000005
host breakdown: attention 0.000133, reorder 0.000024, other 0.000079
iteration 14, inference time 0.001747
--------------------------------------------
10 rounds' average inference time 0.001567

----------Transformer Params----------
thread num 1
layer num 1
PIM LUT binaries ./build/bin/dpu_bin_qkv ./build/bin/dpu_bin_o ./build/bin/dpu_bin_ffn1 ./build/bin/dpu_bin_ffn2
----------QKV LUT Params----------
index calc params:
num_threads 1
n 64, input feature len 32
num codebook 16, num centroid 16, sub vec len 2
n stile size 64, cb mtile size 16
lut kernel params:
n 64, output feature len 96, num codebook 16, num centroid 16
scale 0.100000, bias 0.200000
num threads 1, dpu num 1
input parallelism 1, lut parallelism 1, feature stile size 96, n stile size 64
n mtile size 64, feature mtile size 16, cb mtile size 16
lut load type 0, feature load tile size 8, cb load tile size 16
----------O LUT Params----------
index calc params:
num_threads 1
n 64, input feature len 32
num codebook 16, num centroid 16, sub vec len 2
n stile size 64, cb mtile size 16
lut kernel params:
n 64, output feature len 32, num codebook 16, num centroid 16
scale 0.100000, bias 0.200000
num threads 1, dpu num 1
input parallelism 1, lut parallelism 1, feature stile size 32, n stile size 64
n mtile size 64, feature mtile size 16, cb mtile size 16
lut load type 0, feature load tile size 8, cb load tile size 16
----------FFN1 LUT Params----------
index calc params:
num_threads 1
n 64, input feature len 32
num codebook 16, num centroid 16, sub vec len 2
n stile size 64, cb mtile size 16
lut kernel params:
n 64, output feature len 64, num codebook 16, num centroid 16
scale 0.100000, bias 0.200000
num threads 1, dpu num 1
input parallelism 1, lut parallelism 1, feature stile size 64, n stile size 64
n mtile size 64, feature mtile size 16, cb mtile size 16
lut load type 0, feature load tile size 8, cb load tile size 16
----------FFN2 LUT Params----------
index calc params:
num_threads 1
n 64, input feature len 64
num codebook 32, num centroid 16, sub vec len 2
n stile size 64, cb mtile size 16
lut kernel params:
n 64, output feature len 32, num codebook 32, num centroid 16
scale 0.100000, bias 0.200000
num threads 1, dpu num 1
input parallelism 1, lut parallelism 1, feature stile size 32, n stile size 64
n mtile size 64, feature mtile size 16, cb mtile size 16
lut load type 0, feature load tile size 8, cb load tile size 16
----------Attention Params----------
seq len 64, batch size 1, n 64
head num 1, head dim 32, token dim 32
dpu num 1, input parallelism 1, lut parallelism 1
n tile size 64, token tile size 32
num threads 1
-----------------------------------
parameter parsing time 0.003595
weight initialization time 0.010557
dpu allocate time 0.000004
--------------------------------------------
input initialization time 0.000088
index calculation time 0.000619
other latency 0.000158, data transfer latency 0.000000, pim kernel latency 0.000000
index calculation time 0.000943
other latency 0.000212, data transfer latency 0.000000, pim kernel latency 0.000000
index calculation time 0.001369
other latency 0.000310, data transfer latency 0.000000, pim kernel latency 0.000000
index calculation time 0.002163
other latency 0.000364, data transfer latency 0.000001, pim kernel latency 0.000000
amm time 0.002964, non amm time 0.000729
attention reorder time 0.000042, attention cpu compute time 0.000256
post o reorder+norm+residual time 0.000064, gelu+ffn1 reorder time 0.000106, post ffn2 reorder+norm+residual time 0.000060
tensor allocation overhead time 0.000023, other non amm time 0.000178
reorder breakdown: qkv_to_attention 0.000042, o 0.000016, ffn1 0.000036, ffn2 0.000017
host breakdown: attention 0.000256, reorder 0.000111, other 0.000362
iteration 0, inference time 0.003724
--------------------------------------------
input initialization time 0.000049
index calculation time 0.002588
other latency 0.000536, data transfer latency 0.000001, pim kernel latency 0.000000
index calculation time 0.002907
other latency 0.000576, data transfer latency 0.000001, pim kernel latency 0.000000
index calculation time 0.003452
other latency 0.000700, data transfer latency 0.000001, pim kernel latency 0.000000
index calculation time 0.004571
other latency 0.000757, data transfer latency 0.000001, pim kernel latency 0.000000
amm time 0.003204, non amm time 0.000471
attention reorder time 0.000021, attention cpu compute time 0.000223
post o reorder+norm+residual time 0.000040, gelu+ffn1 reorder time 0.000108, post ffn2 reorder+norm+residual time 0.000055
tensor allocation overhead time 0.000005, other non amm time 0.000019
reorder breakdown: qkv_to_attention 0.000021, o 0.000007, ffn1 0.000018, ffn2 0.000011
host breakdown: attention 0.000223, reorder 0.000057, other 0.000191
iteration 1, inference time 0.003700
--------------------------------------------
input initialization time 0.000078
index calculation time 0.005176
other latency 0.000932, data transfer latency 0.000002, pim kernel latency 0.000000
index calculation time 0.005722
other latency 0.000988, data transfer latency 0.000003, pim kernel latency 0.000000
index calculation time 0.006333
other latency 0.001093, data transfer latency 0.000003, pim kernel latency 0.000000
index calculation time 0.007521
other latency 0.001151, data transfer latency 0.000004, pim kernel latency 0.000000
amm time 0.003782, non amm time 0.000578
attention reorder time 0.000022, attention cpu compute time 0.000312
post o reorder+norm+residual time 0.000051, gelu+ffn1 reorder time 0.000106, post ffn2 reorder+norm+residual time 0.000057
tensor allocation overhead time 0.000005, other non amm time 0.000025
reorder breakdown: qkv_to_attention 0.000022, o 0.000011, ffn1 0.000017, ffn2 0.000012
host breakdown: attention 0.000312, reorder 0.000062, other 0.000204
iteration 2, inference time 0.004388
--------------------------------------------
input initialization time 0.000082
index calculation time 0.008156
other latency 0.001323, data transfer latency 0.000004, pim kernel latency 0.000000
index calculation time 0.008686
other latency 0.001379, data transfer latency 0.000004, pim kernel latency 0.000000
index calculation time 0.009304
other latency 0.001501, data transfer latency 0.000004, pim kernel latency 0.000001
index calculation time 0.010535
other latency 0.001557, data transfer latency 0.000005, pim kernel latency 0.000001
amm time 0.003848, non amm time 0.000603
attention reorder time 0.000023, attention cpu compute time 0.000337
post o reorder+norm+residual time 0.000052, gelu+ffn1 reorder time 0.000102, post ffn2 reorder+norm+residual time 0.000056
tensor allocation overhead time 0.000007, other non amm time 0.000026
reorder breakdown: qkv_to_attention 0.000023, o 0.000012, ffn1 0.000018, ffn2 0.000011
host breakdown: attention 0.000337, reorder 0.000064, other 0.000203
iteration 3, inference time 0.004478
--------------------------------------------
input initialization time 0.000081
index calculation time 0.011185
other latency 0.001729, data transfer latency 0.000006, pim kernel latency 0.000001
index calculation time 0.011749
other latency 0.001790, data transfer latency 0.000006, pim kernel latency 0.000001
index calculation time 0.012381
other latency 0.001898, data transfer latency 0.000007, pim kernel latency 0.000001
index calculation time 0.013590
other latency 0.001961, data transfer latency 0.000008, pim kernel latency 0.000001
amm time 0.004168, non amm time 0.000610
attention reorder time 0.000022, attention cpu compute time 0.000312
post o reorder+norm+residual time 0.000058, gelu+ffn1 reorder time 0.000130, post ffn2 reorder+norm+residual time 0.000060
tensor allocation overhead time 0.000010, other non amm time 0.000018
reorder breakdown: qkv_to_attention 0.000022, o 0.000015, ffn1 0.000019, ffn2 0.000014
host breakdown: attention 0.000312, reorder 0.000070, other 0.000228
iteration 4, inference time 0.004807
--------------------------------------------
input initialization time 0.000082
index calculation time 0.014230
other latency 0.002145, data transfer latency 0.000008, pim kernel latency 0.000001
index calculation time 0.014768
other latency 0.002205, data transfer latency 0.000008, pim kernel latency 0.000002
index calculation time 0.015396
other latency 0.002337, data transfer latency 0.000008, pim kernel latency 0.000002
index calculation time 0.016623
other latency 0.002397, data transfer latency 0.000009, pim kernel latency 0.000002
amm time 0.003946, non amm time 0.000593
attention reorder time 0.000022, attention cpu compute time 0.000311
post o reorder+norm+residual time 0.000053, gelu+ffn1 reorder time 0.000120, post ffn2 reorder+norm+residual time 0.000057
tensor allocation overhead time 0.000004, other non amm time 0.000026
reorder breakdown: qkv_to_attention 0.000022, o 0.000012, ffn1 0.000017, ffn2 0.000012
host breakdown: attention 0.000311, reorder 0.000063, other 0.000219
iteration 5, inference time 0.004569
--------------------------------------------
input initialization time 0.000088
index calculation time 0.017297
other latency 0.002573, data transfer latency 0.000009, pim kernel latency 0.000002
index calculation time 0.017851
other latency 0.002649, data transfer latency 0.000010, pim kernel latency 0.000002
index calculation time 0.018477
other latency 0.002755, data transfer latency 0.000010, pim kernel latency 0.000002
index calculation time 0.019701
other latency 0.002811, data transfer latency 0.000011, pim kernel latency 0.000002
amm time 0.003939, non amm time 0.000629
attention reorder time 0.000024, attention cpu compute time 0.000307
post o reorder+norm+residual time 0.000053, gelu+ffn1 reorder time 0.000129, post ffn2 reorder+norm+residual time 0.000055
tensor allocation overhead time 0.000007, other non amm time 0.000054
reorder breakdown: qkv_to_attention 0.000024, o 0.000012, ffn1 0.000020, ffn2 0.000012
host breakdown: attention 0.000307, reorder 0.000068, other 0.000254
iteration 6, inference time 0.004595
--------------------------------------------
input initialization time 0.000081
index calculation time 0.020361
other latency 0.002984, data transfer latency 0.000011, pim kernel latency 0.000002
index calculation time 0.020914
other latency 0.003039, data transfer latency 0.000011, pim kernel latency 0.000002
index calculation time 0.021555
other latency 0.003158, data transfer latency 0.000011, pim kernel latency 0.000002
index calculation time 0.022790
other latency 0.003217, data transfer latency 0.000011, pim kernel latency 0.000003
amm time 0.003938, non amm time 0.000555
attention reorder time 0.000023, attention cpu compute time 0.000304
post o reorder+norm+residual time 0.000053, gelu+ffn1 reorder time 0.000092, post ffn2 reorder+norm+residual time 0.000056
tensor allocation overhead time 0.000005, other non amm time 0.000021
reorder breakdown: qkv_to_attention 0.000023, o 0.000012, ffn1 0.000019, ffn2 0.000011
host breakdown: attention 0.000304, reorder 0.000065, other 0.000186
iteration 7, inference time 0.004522
--------------------------------------------
input initialization time 0.000085
index calculation time 0.023448
other latency 0.003397, data transfer latency 0.000011, pim kernel latency 0.000003
index calculation time 0.023988
other latency 0.003451, data transfer latency 0.000011, pim kernel latency 0.000003
index calculation time 0.024608
other latency 0.003558, data transfer latency 0.000012, pim kernel latency 0.000003
index calculation time 0.025824
other latency 0.003618, data transfer latency 0.000012, pim kernel latency 0.000004
amm time 0.004004, non amm time 0.000540
attention reorder time 0.000023, attention cpu compute time 0.000300
post o reorder+norm+residual time 0.000051, gelu+ffn1 reorder time 0.000087, post ffn2 reorder+norm+residual time 0.000058
tensor allocation overhead time 0.000005, other non amm time 0.000016
reorder breakdown: qkv_to_attention 0.000023, o 0.000011, ffn1 0.000018, ffn2 0.000012
host breakdown: attention 0.000300, reorder 0.000064, other 0.000176
iteration 8, inference time 0.004572
--------------------------------------------
input initialization time 0.000085
index calculation time 0.026506
other latency 0.003819, data transfer latency 0.000012, pim kernel latency 0.000005
index calculation time 0.027079
other latency 0.003885, data transfer latency 0.000012, pim kernel latency 0.000005
index calculation time 0.027719
other latency 0.004015, data transfer latency 0.000012, pim kernel latency 0.000006
index calculation time 0.028979
other latency 0.004076, data transfer latency 0.000013, pim kernel latency 0.000006
amm time 0.004106, non amm time 0.000600
attention reorder time 0.000039, attention cpu compute time 0.000299
post o reorder+norm+residual time 0.000059, gelu+ffn1 reorder time 0.000122, post ffn2 reorder+norm+residual time 0.000058
tensor allocation overhead time 0.000004, other non amm time 0.000019
reorder breakdown: qkv_to_attention 0.000039, o 0.000012, ffn1 0.000019, ffn2 0.000012
host breakdown: attention 0.000299, reorder 0.000082, other 0.000219
iteration 9, inference time 0.004736
--------------------------------------------
input initialization time 0.000087
index calculation time 0.029665
other latency 0.004256, data transfer latency 0.000014, pim kernel latency 0.000006
index calculation time 0.030221
other latency 0.004313, data transfer latency 0.000015, pim kernel latency 0.000006
index calculation time 0.030850
other latency 0.004432, data transfer latency 0.000015, pim kernel latency 0.000006
index calculation time 0.032104
other latency 0.004492, data transfer latency 0.000015, pim kernel latency 0.000006
amm time 0.003955, non amm time 0.000579
attention reorder time 0.000022, attention cpu compute time 0.000323
post o reorder+norm+residual time 0.000053, gelu+ffn1 reorder time 0.000100, post ffn2 reorder+norm+residual time 0.000058
tensor allocation overhead time 0.000005, other non amm time 0.000018
reorder breakdown: qkv_to_attention 0.000022, o 0.000011, ffn1 0.000019, ffn2 0.000012
host breakdown: attention 0.000323, reorder 0.000064, other 0.000192
iteration 10, inference time 0.004562
--------------------------------------------
input initialization time 0.000085
index calculation time 0.032782
other latency 0.004673, data transfer latency 0.000015, pim kernel latency 0.000006
index calculation time 0.033326
other latency 0.004729, data transfer latency 0.000015, pim kernel latency 0.000006
index calculation time 0.033962
other latency 0.004841, data transfer latency 0.000015, pim kernel latency 0.000006
index calculation time 0.035199
other latency 0.004900, data transfer latency 0.000016, pim kernel latency 0.000006
amm time 0.003922, non amm time 0.000534
attention reorder time 0.000022, attention cpu compute time 0.000300
post o reorder+norm+residual time 0.000052, gelu+ffn1 reorder time 0.000081, post ffn2 reorder+norm+residual time 0.000057
tensor allocation overhead time 0.000006, other non amm time 0.000016
reorder breakdown: qkv_to_attention 0.000022, o 0.000011, ffn1 0.000017, ffn2 0.000011
host breakdown: attention 0.000300, reorder 0.000061, other 0.000173
iteration 11, inference time 0.004484
--------------------------------------------
input initialization time 0.000106
index calculation time 0.035644
other latency 0.005027, data transfer latency 0.000016, pim kernel latency 0.000006
index calculation time 0.036034
other latency 0.005067, data transfer latency 0.000016, pim kernel latency 0.000006
index calculation time 0.036429
other latency 0.005156, data transfer latency 0.000036, pim kernel latency 0.000006
index calculation time 0.037200
other latency 0.005197, data transfer latency 0.000036, pim kernel latency 0.000006
amm time 0.002700, non amm time 0.000331
attention reorder time 0.000014, attention cpu compute time 0.000169
post o reorder+norm+residual time 0.000039, gelu+ffn1 reorder time 0.000050, post ffn2 reorder+norm+residual time 0.000041
tensor allocation overhead time 0.000005, other non amm time 0.000013
reorder breakdown: qkv_to_attention 0.000014, o 0.000008, ffn1 0.000012, ffn2 0.000006
host breakdown: attention 0.000169, reorder 0.000040, other 0.000122
iteration 12, inference time 0.003048
--------------------------------------------
input initialization time 0.000048
index calculation time 0.037616
other latency 0.005321, data transfer latency 0.000036, pim kernel latency 0.000006
index calculation time 0.037933
other latency 0.005360, data transfer latency 0.000036, pim kernel latency 0.000006
index calculation time 0.038326
other latency 0.005464, data transfer latency 0.000036, pim kernel latency 0.000006
index calculation time 0.039094
other latency 0.005503, data transfer latency 0.000036, pim kernel latency 0.000006
amm time 0.002489, non amm time 0.000379
attention reorder time 0.000014, attention cpu compute time 0.000192
post o reorder+norm+residual time 0.000038, gelu+ffn1 reorder time 0.000053, post ffn2 reorder+norm+residual time 0.000065
tensor allocation overhead time 0.000004, other non amm time 0.000013
reorder breakdown: qkv_to_attention 0.000014, o 0.000006, ffn1 0.000012, ffn2 0.000006
host breakdown: attention 0.000192, reorder 0.000038, other 0.000149
iteration 13, inference time 0.002884
--------------------------------------------
input initialization time 0.000047
index calculation time 0.039510
other latency 0.005623, data transfer latency 0.000036, pim kernel latency 0.000006
index calculation time 0.039851
other latency 0.005661, data transfer latency 0.000036, pim kernel latency 0.000006
index calculation time 0.040243
other latency 0.005746, data transfer latency 0.000036, pim kernel latency 0.000006
index calculation time 0.041010
other latency 0.005785, data transfer latency 0.000036, pim kernel latency 0.000006
amm time 0.002451, non amm time 0.000344
attention reorder time 0.000012, attention cpu compute time 0.000167
post o reorder+norm+residual time 0.000039, gelu+ffn1 reorder time 0.000069, post ffn2 reorder+norm+residual time 0.000041
tensor allocation overhead time 0.000003, other non amm time 0.000013
reorder breakdown: qkv_to_attention 0.000012, o 0.000007, ffn1 0.000032, ffn2 0.000006
host breakdown: attention 0.000167, reorder 0.000057, other 0.000120
iteration 14, inference time 0.002809
--------------------------------------------
10 rounds' average inference time 0.004078

----------Transformer Params----------
thread num 1
layer num 1
PIM LUT binaries ./build/bin/dpu_bin_qkv ./build/bin/dpu_bin_o ./build/bin/dpu_bin_ffn1 ./build/bin/dpu_bin_ffn2
----------QKV LUT Params----------
index calc params:
num_threads 1
n 64, input feature len 32
num codebook 16, num centroid 16, sub vec len 2
n stile size 64, cb mtile size 16
lut kernel params:
n 64, output feature len 96, num codebook 16, num centroid 16
scale 0.100000, bias 0.200000
num threads 1, dpu num 1
input parallelism 1, lut parallelism 1, feature stile size 96, n stile size 64
n mtile size 64, feature mtile size 16, cb mtile size 16
lut load type 0, feature load tile size 8, cb load tile size 16
----------O LUT Params----------
index calc params:
num_threads 1
n 64, input feature len 32
num codebook 16, num centroid 16, sub vec len 2
n stile size 64, cb mtile size 16
lut kernel params:
n 64, output feature len 32, num codebook 16, num centroid 16
scale 0.100000, bias 0.200000
num threads 1, dpu num 1
input parallelism 1, lut parallelism 1, feature stile size 32, n stile size 64
n mtile size 64, feature mtile size 16, cb mtile size 16
lut load type 0, feature load tile size 8, cb load tile size 16
----------FFN1 LUT Params----------
index calc params:
num_threads 1
n 64, input feature len 32
num codebook 16, num centroid 16, sub vec len 2
n stile size 64, cb mtile size 16
lut kernel params:
n 64, output feature len 64, num codebook 16, num centroid 16
scale 0.100000, bias 0.200000
num threads 1, dpu num 1
input parallelism 1, lut parallelism 1, feature stile size 64, n stile size 64
n mtile size 64, feature mtile size 16, cb mtile size 16
lut load type 0, feature load tile size 8, cb load tile size 16
----------FFN2 LUT Params----------
index calc params:
num_threads 1
n 64, input feature len 64
num codebook 32, num centroid 16, sub vec len 2
n stile size 64, cb mtile size 16
lut kernel params:
n 64, output feature len 32, num codebook 32, num centroid 16
scale 0.100000, bias 0.200000
num threads 1, dpu num 1
input parallelism 1, lut parallelism 1, feature stile size 32, n stile size 64
n mtile size 64, feature mtile size 16, cb mtile size 16
lut load type 0, feature load tile size 8, cb load tile size 16
----------Attention Params----------
seq len 64, batch size 1, n 64
head num 1, head dim 32, token dim 32
dpu num 1, input parallelism 1, lut parallelism 1
n tile size 64, token tile size 32
num threads 1
-----------------------------------
parameter parsing time 0.001138
weight initialization time 0.003242
dpu allocate time 0.000001
--------------------------------------------
input initialization time 0.000023
index calculation time 0.000176
other latency 0.000058, data transfer latency 0.000000, pim kernel latency 0.000000
index calculation time 0.000308
other latency 0.000079, data transfer latency 0.000000, pim kernel latency 0.000000
index calculation time 0.000471
other latency 0.000117, data transfer latency 0.000000, pim kernel latency 0.000000
index calculation time 0.000786
other latency 0.000137, data transfer latency 0.000001, pim kernel latency 0.000000
amm time 0.001038, non amm time 0.000245
attention reorder time 0.000023, attention cpu compute time 0.000077
post o reorder+norm+residual time 0.000029, gelu+ffn1 reorder time 0.000030, post ffn2 reorder+norm+residual time 0.000024
tensor allocation overhead time 0.000008, other non amm time 0.000054
reorder breakdown: qkv_to_attention 0.000023, o 0.000006, ffn1 0.000009, ffn2 0.000007
host breakdown: attention 0.000077, reorder 0.000045, other 0.000124
iteration 0, inference time 0.001297
--------------------------------------------
input initialization time 0.000020
index calculation time 0.000970
other latency 0.000183, data transfer latency 0.000002, pim kernel latency 0.000000
index calculation time 0.001103
other latency 0.000200, data transfer latency 0.000002, pim kernel latency 0.000000
index calculation time 0.001265
other latency 0.000236, data transfer latency 0.000003, pim kernel latency 0.000000
index calculation time 0.001590
other latency 0.000253, data transfer latency 0.000003, pim kernel latency 0.000000
amm time 0.001016, non amm time 0.000135
attention reorder time 0.000005, attention cpu compute time 0.000070
post o reorder+norm+residual time 0.000016, gelu+ffn1 reorder time 0.000020, post ffn2 reorder+norm+residual time 0.000017
tensor allocation overhead time 0.000001, other non amm time 0.000006
reorder breakdown: qkv_to_attention 0.000005, o 0.000003, ffn1 0.000004, ffn2 0.000003
host breakdown: attention 0.000070, reorder 0.000015, other 0.000050
iteration 1, inference time 0.001156
--------------------------------------------
input initialization time 0.000019
index calculation time 0.001761
other latency 0.000303, data transfer latency 0.000003, pim kernel latency 0.000000
index calculation time 0.001891
other latency 0.000319, data transfer latency 0.000003, pim kernel latency 0.000000
index calculation time 0.002051
other latency 0.000350, data transfer latency 0.000003, pim kernel latency 0.000000
index calculation time 0.002374
other latency 0.000365, data transfer latency 0.000003, pim kernel latency 0.000000
amm time 0.000992, non amm time 0.000133
attention reorder time 0.000005, attention cpu compute time 0.000068
post o reorder+norm+residual time 0.000015, gelu+ffn1 reorder time 0.000020, post ffn2 reorder+norm+residual time 0.000016
tensor allocation overhead time 0.000003, other non amm time 0.000006
reorder breakdown: qkv_to_attention 0.000005, o 0.000002, ffn1 0.000005, ffn2 0.000002
host breakdown: attention 0.000068, reorder 0.000014, other 0.000051
iteration 2, inference time 0.001130
--------------------------------------------
input initialization time 0.000020
index calculation time 0.002543
other latency 0.000415, data transfer latency 0.000003, pim kernel latency 0.000000
index calculation time 0.002674
other latency 0.000431, data transfer latency 0.000003, pim kernel latency 0.000000
index calculation time 0.002846
other latency 0.000475, data transfer latency 0.000003, pim kernel latency 0.000000
index calculation time 0.003158
other latency 0.000491, data transfer latency 0.000004, pim kernel latency 0.000000
amm time 0.001012, non amm time 0.000137
attention reorder time 0.000006, attention cpu compute time 0.000068
post o reorder+norm+residual time 0.000016, gelu+ffn1 reorder time 0.000025, post ffn2 reorder+norm+residual time 0.000017
tensor allocation overhead time 0.000000, other non amm time 0.000005
reorder breakdown: qkv_to_attention 0.000006, o 0.000003, ffn1 0.000004, ffn2 0.000003
host breakdown: attention 0.000068, reorder 0.000016, other 0.000053
iteration 3, inference time 0.001155
--------------------------------------------
input initialization time 0.000020
index calculation time 0.003326
other latency 0.000540, data transfer latency 0.000004, pim kernel latency 0.000000
index calculation time 0.003456
other latency 0.000564, data transfer latency 0.000005, pim kernel latency 0.000000
index calculation time 0.003618
other latency 0.000596, data transfer latency 0.000005, pim kernel latency 0.000000
index calculation time 0.003930
other latency 0.000612, data transfer latency 0.000005, pim kernel latency 0.000001
amm time 0.001021, non amm time 0.000138
attention reorder time 0.000006, attention cpu compute time 0.000068
post o reorder+norm+residual time 0.000018, gelu+ffn1 reorder time 0.000021, post ffn2 reorder+norm+residual time 0.000017
tensor allocation overhead time 0.000003, other non amm time 0.000005
reorder breakdown: qkv_to_attention 0.000006, o 0.000004, ffn1 0.000005, ffn2 0.000003
host breakdown: attention 0.000068, reorder 0.000018, other 0.000052
iteration 4, inference time 0.001166
--------------------------------------------
input initialization time 0.000019
index calculation time 0.004099
other latency 0.000661, data transfer latency 0.000005, pim kernel latency 0.000001
index calculation time 0.004231
other latency 0.000676, data transfer latency 0.000006, pim kernel latency 0.000001
index calculation time 0.004392
other latency 0.000711, data transfer latency 0.000006, pim kernel latency 0.000001
index calculation time 0.004704
other latency 0.000727, data transfer latency 0.000006, pim kernel latency 0.000001
amm time 0.000992, non amm time 0.000258
attention reorder time 0.000005, attention cpu compute time 0.000190
post o reorder+norm+residual time 0.000016, gelu+ffn1 reorder time 0.000023, post ffn2 reorder+norm+residual time 0.000016
tensor allocation overhead time 0.000001, other non amm time 0.000008
reorder breakdown: qkv_to_attention 0.000005, o 0.000003, ffn1 0.000004, ffn2 0.000002
host breakdown: attention 0.000190, reorder 0.000014, other 0.000055
iteration 5, inference time 0.001256
--------------------------------------------
input initialization time 0.000019
index calculation time 0.004880
other latency 0.000776, data transfer latency 0.000006, pim kernel latency 0.000001
index calculation time 0.005007
other latency 0.000791, data transfer latency 0.000006, pim kernel latency 0.000001
index calculation time 0.005160
other latency 0.000820, data transfer latency 0.000006, pim kernel latency 0.000001
index calculation time 0.005474
other latency 0.000837, data transfer latency 0.000006, pim kernel latency 0.000001
amm time 0.000975, non amm time 0.000144
attention reorder time 0.000006, attention cpu compute time 0.000080
post o reorder+norm+residual time 0.000015, gelu+ffn1 reorder time 0.000019, post ffn2 reorder+norm+residual time 0.000016
tensor allocation overhead time 0.000002, other non amm time 0.000006
reorder breakdown: qkv_to_attention 0.000006, o 0.000002, ffn1 0.000004, ffn2 0.000002
host breakdown: attention 0.000080, reorder 0.000014, other 0.000050
iteration 6, inference time 0.001126
--------------------------------------------
input initialization time 0.000019
index calculation time 0.005635
other latency 0.000883, data transfer latency 0.000006, pim kernel latency 0.000001
index calculation time 0.005762
other latency 0.000898, data transfer latency 0.000007, pim kernel latency 0.000001
index calculation time 0.005915
other latency 0.000931, data transfer latency 0.000007, pim kernel latency 0.000001
index calculation time 0.006228
other latency 0.000946, data transfer latency 0.000007, pim kernel latency 0.000001
amm time 0.000959, non amm time 0.000123
attention reorder time 0.000005, attention cpu compute time 0.000065
post o reorder+norm+residual time 0.000014, gelu+ffn1 reorder time 0.000017, post ffn2 reorder+norm+residual time 0.000017
tensor allocation overhead time 0.000000, other non amm time 0.000005
reorder breakdown: qkv_to_attention 0.000005, o 0.000002, ffn1 0.000004, ffn2 0.000003
host breakdown: attention 0.000065, reorder 0.000014, other 0.000044
iteration 7, inference time 0.001087
--------------------------------------------
input initialization time 0.000018
index calculation time 0.006389
other latency 0.000994, data transfer latency 0.000007, pim kernel latency 0.000001
index calculation time 0.006515
other latency 0.001009, data transfer latency 0.000007, pim kernel latency 0.000001
index calculation time 0.006668
other latency 0.001038, data transfer latency 0.000007, pim kernel latency 0.000001
index calculation time 0.006983
other latency 0.001054, data transfer latency 0.000007, pim kernel latency 0.000001
amm time 0.000974, non amm time 0.000126
attention reorder time 0.000006, attention cpu compute time 0.000065
post o reorder+norm+residual time 0.000015, gelu+ffn1 reorder time 0.000018, post ffn2 reorder+norm+residual time 0.000016
tensor allocation overhead time 0.000001, other non amm time 0.000005
reorder breakdown: qkv_to_attention 0.000006, o 0.000002, ffn1 0.000005, ffn2 0.000002
host breakdown: attention 0.000065, reorder 0.000015, other 0.000046
iteration 8, inference time 0.001105
--------------------------------------------
input initialization time 0.000018
index calculation time 0.007144
other latency 0.001099, data transfer latency 0.000007, pim kernel latency 0.000001
index calculation time 0.007275
other latency 0.001115, data transfer latency 0.000007, pim kernel latency 0.000001
index calculation time 0.007435
other latency 0.001145, data transfer latency 0.000007, pim kernel latency 0.000001
index calculation time 0.007733
other latency 0.001160, data transfer latency 0.000007, pim kernel latency 0.000001
amm time 0.000949, non amm time 0.000124
attention reorder time 0.000005, attention cpu compute time 0.000065
post o reorder+norm+residual time 0.000015, gelu+ffn1 reorder time 0.000017, post ffn2 reorder+norm+residual time 0.000015
tensor allocation overhead time 0.000001, other non amm time 0.000006
reorder breakdown: qkv_to_attention 0.000005, o 0.000002, ffn1 0.000004, ffn2 0.000002
host breakdown: attention 0.000065, reorder 0.000013, other 0.000046
iteration 9, inference time 0.001078
--------------------------------------------
input initialization time 0.000018
index calculation time 0.007894
other latency 0.001207, data transfer latency 0.000007, pim kernel latency 0.000001
index calculation time 0.008023
other latency 0.001223, data transfer latency 0.000007, pim kernel latency 0.000001
index calculation time 0.008192
other latency 0.001256, data transfer latency 0.000007, pim kernel latency 0.000001
index calculation time 0.008491
other latency 0.001272, data transfer latency 0.000007, pim kernel latency 0.000001
amm time 0.000961, non amm time 0.000123
attention reorder time 0.000005, attention cpu compute time 0.000064
post o reorder+norm+residual time 0.000015, gelu+ffn1 reorder time 0.000017, post ffn2 reorder+norm+residual time 0.000016
tensor allocation overhead time 0.000001, other non amm time 0.000005
reorder breakdown: qkv_to_attention 0.000005, o 0.000002, ffn1 0.000004, ffn2 0.000002
host breakdown: attention 0.000064, reorder 0.000013, other 0.000046
iteration 10, inference time 0.001089
--------------------------------------------
input initialization time 0.000019
index calculation time 0.008652
other latency 0.001319, data transfer latency 0.000007, pim kernel latency 0.000001
index calculation time 0.008790
other latency 0.001334, data transfer latency 0.000007, pim kernel latency 0.000001
index calculation time 0.008943
other latency 0.001363, data transfer latency 0.000007, pim kernel latency 0.000001
index calculation time 0.009241
other latency 0.001378, data transfer latency 0.000008, pim kernel latency 0.000001
amm time 0.000949, non amm time 0.000123
attention reorder time 0.000004, attention cpu compute time 0.000065
post o reorder+norm+residual time 0.000015, gelu+ffn1 reorder time 0.000017, post ffn2 reorder+norm+residual time 0.000016
tensor allocation overhead time 0.000000, other non amm time 0.000006
reorder breakdown: qkv_to_attention 0.000004, o 0.000002, ffn1 0.000004, ffn2 0.000003
host breakdown: attention 0.000065, reorder 0.000013, other 0.000045
iteration 11, inference time 0.001078
--------------------------------------------
input initialization time 0.000018
index calculation time 0.009403
other latency 0.001430, data transfer latency 0.000008, pim kernel latency 0.000001
index calculation time 0.009543
other latency 0.001446, data transfer latency 0.000008, pim kernel latency 0.000001
index calculation time 0.009696
other latency 0.001480, data transfer latency 0.000008, pim kernel latency 0.000001
index calculation time 0.009995
other latency 0.001495, data transfer latency 0.000008, pim kernel latency 0.000001
amm time 0.000974, non amm time 0.000125
attention reorder time 0.000005, attention cpu compute time 0.000065
post o reorder+norm+residual time 0.000015, gelu+ffn1 reorder time 0.000018, post ffn2 reorder+norm+residual time 0.000016
tensor allocation overhead time 0.000000, other non amm time 0.000006
reorder breakdown: qkv_to_attention 0.000005, o 0.000003, ffn1 0.000004, ffn2 0.000002
host breakdown: attention 0.000065, reorder 0.000014, other 0.000046
iteration 12, inference time 0.001104
--------------------------------------------
input initialization time 0.000019
index calculation time 0.010156
other latency 0.001554, data transfer latency 0.000008, pim kernel latency 0.000001
index calculation time 0.010282
other latency 0.001569, data transfer latency 0.000009, pim kernel latency 0.000001
index calculation time 0.010436
other latency 0.001598, data transfer latency 0.000010, pim kernel latency 0.000001
index calculation time 0.010735
other latency 0.001613, data transfer latency 0.000010, pim kernel latency 0.000001
amm time 0.000951, non amm time 0.000124
attention reorder time 0.000005, attention cpu compute time 0.000065
post o reorder+norm+residual time 0.000015, gelu+ffn1 reorder time 0.000017, post ffn2 reorder+norm+residual time 0.000016
tensor allocation overhead time 0.000000, other non amm time 0.000006
reorder breakdown: qkv_to_attention 0.000005, o 0.000003, ffn1 0.000004, ffn2 0.000003
host breakdown: attention 0.000065, reorder 0.000015, other 0.000044
iteration 13, inference time 0.001082
--------------------------------------------
input initialization time 0.000019
index calculation time 0.010908
other latency 0.001660, data transfer latency 0.000010, pim kernel latency 0.000001
index calculation time 0.011062
other latency 0.001676, data transfer latency 0.000010, pim kernel latency 0.000001
index calculation time 0.011215
other latency 0.001707, data transfer latency 0.000011, pim kernel latency 0.000001
index calculation time 0.011513
other latency 0.001722, data transfer latency 0.000011, pim kernel latency 0.000001
amm time 0.000977, non amm time 0.000137
attention reorder time 0.000005, attention cpu compute time 0.000065
post o reorder+norm+residual time 0.000015, gelu+ffn1 reorder time 0.000017, post ffn2 reorder+norm+residual time 0.000029
tensor allocation overhead time 0.000001, other non amm time 0.000005
reorder breakdown: qkv_to_attention 0.000005, o 0.000003, ffn1 0.000004, ffn2 0.000002
host breakdown: attention 0.000065, reorder 0.000014, other 0.000058
iteration 14, inference time 0.001123
--------------------------------------------
10 rounds' average inference time 0.001113

----------Transformer Params----------
thread num 1
layer num 1
PIM LUT binaries ./build/bin/dpu_bin_qkv ./build/bin/dpu_bin_o ./build/bin/dpu_bin_ffn1 ./build/bin/dpu_bin_ffn2
----------QKV LUT Params----------
index calc params:
num_threads 1
n 64, input feature len 32
num codebook 16, num centroid 16, sub vec len 2
n stile size 64, cb mtile size 16
lut kernel params:
n 64, output feature len 96, num codebook 16, num centroid 16
scale 0.100000, bias 0.200000
num threads 1, dpu num 1
input parallelism 1, lut parallelism 1, feature stile size 96, n stile size 64
n mtile size 64, feature mtile size 16, cb mtile size 16
lut load type 0, feature load tile size 8, cb load tile size 16
----------O LUT Params----------
index calc params:
num_threads 1
n 64, input feature len 32
num codebook 16, num centroid 16, sub vec len 2
n stile size 64, cb mtile size 16
lut kernel params:
n 64, output feature len 32, num codebook 16, num centroid 16
scale 0.100000, bias 0.200000
num threads 1, dpu num 1
input parallelism 1, lut parallelism 1, feature stile size 32, n stile size 64
n mtile size 64, feature mtile size 16, cb mtile size 16
lut load type 0, feature load tile size 8, cb load tile size 16
----------FFN1 LUT Params----------
index calc params:
num_threads 1
n 64, input feature len 32
num codebook 16, num centroid 16, sub vec len 2
n stile size 64, cb mtile size 16
lut kernel params:
n 64, output feature len 64, num codebook 16, num centroid 16
scale 0.100000, bias 0.200000
num threads 1, dpu num 1
input parallelism 1, lut parallelism 1, feature stile size 64, n stile size 64
n mtile size 64, feature mtile size 16, cb mtile size 16
lut load type 0, feature load tile size 8, cb load tile size 16
----------FFN2 LUT Params----------
index calc params:
num_threads 1
n 64, input feature len 64
num codebook 32, num centroid 16, sub vec len 2
n stile size 64, cb mtile size 16
lut kernel params:
n 64, output feature len 32, num codebook 32, num centroid 16
scale 0.100000, bias 0.200000
num threads 1, dpu num 1
input parallelism 1, lut parallelism 1, feature stile size 32, n stile size 64
n mtile size 64, feature mtile size 16, cb mtile size 16
lut load type 0, feature load tile size 8, cb load tile size 16
----------Attention Params----------
seq len 64, batch size 1, n 64
head num 1, head dim 32, token dim 32
dpu num 1, input parallelism 1, lut parallelism 1
n tile size 64, token tile size 32
num threads 1
-----------------------------------
parameter parsing time 0.001102
weight initialization time 0.003112
dpu allocate time 0.000001
--------------------------------------------
input initialization time 0.000022
index calculation time 0.000181
other latency 0.000055, data transfer latency 0.000000, pim kernel latency 0.000000
index calculation time 0.000306
other latency 0.000075, data transfer latency 0.000000, pim kernel latency 0.000000
index calculation time 0.000461
other latency 0.000111, data transfer latency 0.000000, pim kernel latency 0.000000
index calculation time 0.000768
other latency 0.000130, data transfer latency 0.000000, pim kernel latency 0.000000
amm time 0.001009, non amm time 0.000226
attention reorder time 0.000013, attention cpu compute time 0.000077
post o reorder+norm+residual time 0.000023, gelu+ffn1 reorder time 0.000028, post ffn2 reorder+norm+residual time 0.000022
tensor allocation overhead time 0.000012, other non amm time 0.000051
reorder breakdown: qkv_to_attention 0.000013, o 0.000005, ffn1 0.000009, ffn2 0.000006
host breakdown: attention 0.000077, reorder 0.000033, other 0.000116
iteration 0, inference time 0.001244
--------------------------------------------
input initialization time 0.000019
index calculation time 0.000930
other latency 0.000174, data transfer latency 0.000000, pim kernel latency 0.000000
index calculation time 0.001053
other latency 0.000190, data transfer latency 0.000000, pim kernel latency 0.000000
index calculation time 0.001206
other latency 0.000223, data transfer latency 0.000000, pim kernel latency 0.000000
index calculation time 0.001512
other latency 0.000239, data transfer latency 0.000000, pim kernel latency 0.000000
amm time 0.000941, non amm time 0.000125
attention reorder time 0.000005, attention cpu compute time 0.000066
post o reorder+norm+residual time 0.000015, gelu+ffn1 reorder time 0.000017, post ffn2 reorder+norm+residual time 0.000016
tensor allocation overhead time 0.000002, other non amm time 0.000004
reorder breakdown: qkv_to_attention 0.000005, o 0.000003, ffn1 0.000004, ffn2 0.000002
host breakdown: attention 0.000066, reorder 0.000014, other 0.000045
iteration 1, inference time 0.001072
--------------------------------------------
input initialization time 0.000019
index calculation time 0.001674
other latency 0.000287, data transfer latency 0.000000, pim kernel latency 0.000000
index calculation time 0.001798
other latency 0.000303, data transfer latency 0.000000, pim kernel latency 0.000000
index calculation time 0.001957
other latency 0.000332, data transfer latency 0.000000, pim kernel latency 0.000000
index calculation time 0.002257
other latency 0.000348, data transfer latency 0.000000, pim kernel latency 0.000000
amm time 0.000945, non amm time 0.000124
attention reorder time 0.000005, attention cpu compute time 0.000065
post o reorder+norm+residual time 0.000016, gelu+ffn1 reorder time 0.000016, post ffn2 reorder+norm+residual time 0.000016
tensor allocation overhead time 0.000000, other non amm time 0.000006
reorder breakdown: qkv_to_attention 0.000005, o 0.000003, ffn1 0.000004, ffn2 0.000002
host breakdown: attention 0.000065, reorder 0.000014, other 0.000045
iteration 2, inference time 0.001074
--------------------------------------------
input initialization time 0.000018
index calculation time 0.002419
other latency 0.000400, data transfer latency 0.000000, pim kernel latency 0.000000
index calculation time 0.002551
other latency 0.000415, data transfer latency 0.000001, pim kernel latency 0.000000
index calculation time 0.002714
other latency 0.000448, data transfer latency 0.000001, pim kernel latency 0.000000
index calculation time 0.003013
other latency 0.000464, data transfer latency 0.000001, pim kernel latency 0.000000
amm time 0.000966, non amm time 0.000122
attention reorder time 0.000005, attention cpu compute time 0.000065
post o reorder+norm+residual time 0.000015, gelu+ffn1 reorder time 0.000017, post ffn2 reorder+norm+residual time 0.000016
tensor allocation overhead time 0.000000, other non amm time 0.000004
reorder breakdown: qkv_to_attention 0.000005, o 0.000003, ffn1 0.000004, ffn2 0.000002
host breakdown: attention 0.000065, reorder 0.000014, other 0.000043
iteration 3, inference time 0.001093
--------------------------------------------
input initialization time 0.000019
index calculation time 0.003175
other latency 0.000510, data transfer latency 0.000002, pim kernel latency 0.000000
index calculation time 0.003299
other latency 0.000525, data transfer latency 0.000002, pim kernel latency 0.000000
index calculation time 0.003481
other latency 0.000554, data transfer latency 0.000003, pim kernel latency 0.000000
index calculation time 0.003782
other latency 0.000571, data transfer latency 0.000005, pim kernel latency 0.000000
amm time 0.001047, non amm time 0.000124
attention reorder time 0.000006, attention cpu compute time 0.000065
post o reorder+norm+residual time 0.000015, gelu+ffn1 reorder time 0.000017, post ffn2 reorder+norm+residual time 0.000016
tensor allocation overhead time 0.000001, other non amm time 0.000004
reorder breakdown: qkv_to_attention 0.000006, o 0.000003, ffn1 0.000005, ffn2 0.000003
host breakdown: attention 0.000065, reorder 0.000017, other 0.000042
iteration 4, inference time 0.001177
--------------------------------------------
input initialization time 0.000019
index calculation time 0.003943
other latency 0.000618, data transfer latency 0.000005, pim kernel latency 0.000000
index calculation time 0.004067
other latency 0.000632, data transfer latency 0.000005, pim kernel latency 0.000000
index calculation time 0.004220
other latency 0.000665, data transfer latency 0.000005, pim kernel latency 0.000000
index calculation time 0.004544
other latency 0.000681, data transfer latency 0.000005, pim kernel latency 0.000000
amm time 0.000969, non amm time 0.000135
attention reorder time 0.000016, attention cpu compute time 0.000066
post o reorder+norm+residual time 0.000014, gelu+ffn1 reorder time 0.000017, post ffn2 reorder+norm+residual time 0.000017
tensor allocation overhead time 0.000000, other non amm time 0.000005
reorder breakdown: qkv_to_attention 0.000016, o 0.000002, ffn1 0.000004, ffn2 0.000003
host breakdown: attention 0.000066, reorder 0.000025, other 0.000044
iteration 5, inference time 0.001110
--------------------------------------------
input initialization time 0.000029
index calculation time 0.004726
other latency 0.000729, data transfer latency 0.000005, pim kernel latency 0.000000
index calculation time 0.004850
other latency 0.000745, data transfer latency 0.000005, pim kernel latency 0.000000
index calculation time 0.005004
other latency 0.000776, data transfer latency 0.000005, pim kernel latency 0.000000
index calculation time 0.005304
other latency 0.000792, data transfer latency 0.000005, pim kernel latency 0.000000
amm time 0.000969, non amm time 0.000124
attention reorder time 0.000005, attention cpu compute time 0.000065
post o reorder+norm+residual time 0.000015, gelu+ffn1 reorder time 0.000017, post ffn2 reorder+norm+residual time 0.000016
tensor allocation overhead time 0.000002, other non amm time 0.000004
reorder breakdown: qkv_to_attention 0.000005, o 0.000003, ffn1 0.000004, ffn2 0.000002
host breakdown: attention 0.000065, reorder 0.000014, other 0.000045
iteration 6, inference time 0.001107
--------------------------------------------
input initialization time 0.000027
index calculation time 0.005466
other latency 0.000845, data transfer latency 0.000005, pim kernel latency 0.000000
index calculation time 0.005594
other latency 0.000861, data transfer latency 0.000005, pim kernel latency 0.000000
index calculation time 0.005747
other latency 0.000894, data transfer latency 0.000005, pim kernel latency 0.000000
index calculation time 0.006062
other latency 0.000909, data transfer latency 0.000006, pim kernel latency 0.000000
amm time 0.000971, non amm time 0.000123
attention reorder time 0.000005, attention cpu compute time 0.000065
post o reorder+norm+residual time 0.000015, gelu+ffn1 reorder time 0.000016, post ffn2 reorder+norm+residual time 0.000016
tensor allocation overhead time 0.000002, other non amm time 0.000004
reorder breakdown: qkv_to_attention 0.000005, o 0.000002, ffn1 0.000004, ffn2 0.000002
host breakdown: attention 0.000065, reorder 0.000013, other 0.000045
iteration 7, inference time 0.001100
--------------------------------------------
input initialization time 0.000026
index calculation time 0.006223
other latency 0.000957, data transfer latency 0.000006, pim kernel latency 0.000000
index calculation time 0.006351
other latency 0.000972, data transfer latency 0.000006, pim kernel latency 0.000000
index calculation time 0.006504
other latency 0.001003, data transfer latency 0.000006, pim kernel latency 0.000000
index calculation time 0.006820
other latency 0.001019, data transfer latency 0.000006, pim kernel latency 0.000000
amm time 0.000976, non amm time 0.000123
attention reorder time 0.000005, attention cpu compute time 0.000065
post o reorder+norm+residual time 0.000015, gelu+ffn1 reorder time 0.000016, post ffn2 reorder+norm+residual time 0.000016
tensor allocation overhead time 0.000001, other non amm time 0.000005
reorder breakdown: qkv_to_attention 0.000005, o 0.000003, ffn1 0.000004, ffn2 0.000003
host breakdown: attention 0.000065, reorder 0.000015, other 0.000043
iteration 8, inference time 0.001105
--------------------------------------------
input initialization time 0.000027
index calculation time 0.006982
other latency 0.001067, data transfer latency 0.000006, pim kernel latency 0.000000
index calculation time 0.007107
other latency 0.001082, data transfer latency 0.000007, pim kernel latency 0.000000
index calculation time 0.007260
other latency 0.001121, data transfer latency 0.000007, pim kernel latency 0.000000
index calculation time 0.007559
other latency 0.001136, data transfer latency 0.000007, pim kernel latency 0.000000
amm time 0.000949, non amm time 0.000124
attention reorder time 0.000005, attention cpu compute time 0.000066
post o reorder+norm+residual time 0.000015, gelu+ffn1 reorder time 0.000017, post ffn2 reorder+norm+residual time 0.000015
tensor allocation overhead time 0.000002, other non amm time 0.000004
reorder breakdown: qkv_to_attention 0.000005, o 0.000003, ffn1 0.000004, ffn2 0.000002
host breakdown: attention 0.000066, reorder 0.000014, other 0.000044
iteration 9, inference time 0.001079
--------------------------------------------
input initialization time 0.000027
index calculation time 0.007722
other latency 0.001184, data transfer latency 0.000008, pim kernel latency 0.000000
index calculation time 0.007847
other latency 0.001199, data transfer latency 0.000008, pim kernel latency 0.000001
index calculation time 0.008018
other latency 0.001232, data transfer latency 0.000008, pim kernel latency 0.000001
index calculation time 0.008345
other latency 0.001247, data transfer latency 0.000008, pim kernel latency 0.000001
amm time 0.001003, non amm time 0.000125
attention reorder time 0.000005, attention cpu compute time 0.000065
post o reorder+norm+residual time 0.000015, gelu+ffn1 reorder time 0.000017, post ffn2 reorder+norm+residual time 0.000016
tensor allocation overhead time 0.000002, other non amm time 0.000005
reorder breakdown: qkv_to_attention 0.000005, o 0.000003, ffn1 0.000004, ffn2 0.000002
host breakdown: attention 0.000065, reorder 0.000014, other 0.000046
iteration 10, inference time 0.001133
--------------------------------------------
input initialization time 0.000026
index calculation time 0.008507
other latency 0.001294, data transfer latency 0.000009, pim kernel latency 0.000001
index calculation time 0.008648
other latency 0.001310, data transfer latency 0.000009, pim kernel latency 0.000001
index calculation time 0.008802
other latency 0.001340, data transfer latency 0.000009, pim kernel latency 0.000001
index calculation time 0.009101
other latency 0.001356, data transfer latency 0.000009, pim kernel latency 0.000001
amm time 0.000969, non amm time 0.000127
attention reorder time 0.000005, attention cpu compute time 0.000065
post o reorder+norm+residual time 0.000016, gelu+ffn1 reorder time 0.000018, post ffn2 reorder+norm+residual time 0.000016
tensor allocation overhead time 0.000002, other non amm time 0.000005
reorder breakdown: qkv_to_attention 0.000005, o 0.000003, ffn1 0.000004, ffn2 0.000003
host breakdown: attention 0.000065, reorder 0.000015, other 0.000047
iteration 11, inference time 0.001102
--------------------------------------------
input initialization time 0.000027
index calculation time 0.009263
other latency 0.001404, data transfer latency 0.000009, pim kernel latency 0.000001
index calculation time 0.009391
other latency 0.001419, data transfer latency 0.000009, pim kernel latency 0.000001
index calculation time 0.009546
other latency 0.001453, data transfer latency 0.000009, pim kernel latency 0.000001
index calculation time 0.009846
other latency 0.001468, data transfer latency 0.000009, pim kernel latency 0.000001
amm time 0.000966, non amm time 0.000133
attention reorder time 0.000004, attention cpu compute time 0.000075
post o reorder+norm+residual time 0.000015, gelu+ffn1 reorder time 0.000017, post ffn2 reorder+norm+residual time 0.000016
tensor allocation overhead time 0.000001, other non amm time 0.000005
reorder breakdown: qkv_to_attention 0.000004, o 0.000003, ffn1 0.000004, ffn2 0.000002
host breakdown: attention 0.000075, reorder 0.000013, other 0.000045
iteration 12, inference time 0.001103
--------------------------------------------
input initialization time 0.000027
index calculation time 0.010017
other latency 0.001517, data transfer latency 0.000009, pim kernel latency 0.000001
index calculation time 0.010142
other latency 0.001534, data transfer latency 0.000009, pim kernel latency 0.000001
index calculation time 0.010304
other latency 0.001564, data transfer latency 0.000009, pim kernel latency 0.000001
index calculation time 0.010603
other latency 0.001578, data transfer latency 0.000009, pim kernel latency 0.000001
amm time 0.000970, non amm time 0.000128
attention reorder time 0.000005, attention cpu compute time 0.000070
post o reorder+norm+residual time 0.000015, gelu+ffn1 reorder time 0.000017, post ffn2 reorder+norm+residual time 0.000016
tensor allocation overhead time 0.000001, other non amm time 0.000004
reorder breakdown: qkv_to_attention 0.000005, o 0.000002, ffn1 0.000004, ffn2 0.000002
host breakdown: attention 0.000070, reorder 0.000013, other 0.000045
iteration 13, inference time 0.001104
--------------------------------------------
input initialization time 0.000029
index calculation time 0.010774
other latency 0.001626, data transfer latency 0.000009, pim kernel latency 0.000001
index calculation time 0.010899
other latency 0.001642, data transfer latency 0.000009, pim kernel latency 0.000001
index calculation time 0.011051
other latency 0.001675, data transfer latency 0.000009, pim kernel latency 0.000002
index calculation time 0.011373
other latency 0.001690, data transfer latency 0.000009, pim kernel latency 0.000002
amm time 0.000985, non amm time 0.000146
attention reorder time 0.000005, attention cpu compute time 0.000087
post o reorder+norm+residual time 0.000015, gelu+ffn1 reorder time 0.000017, post ffn2 reorder+norm+residual time 0.000016
tensor allocation overhead time 0.000002, other non amm time 0.000004
reorder breakdown: qkv_to_attention 0.000005, o 0.000002, ffn1 0.000005, ffn2 0.000002
host breakdown: attention 0.000087, reorder 0.000014, other 0.000045
iteration 14, inference time 0.001136
--------------------------------------------
10 rounds' average inference time 0.001108

----------Transformer Params----------
thread num 1
layer num 1
PIM LUT binaries ./build/bin/dpu_bin_qkv ./build/bin/dpu_bin_o ./build/bin/dpu_bin_ffn1 ./build/bin/dpu_bin_ffn2
----------QKV LUT Params----------
index calc params:
num_threads 1
n 64, input feature len 32
num codebook 16, num centroid 16, sub vec len 2
n stile size 64, cb mtile size 16
lut kernel params:
n 64, output feature len 96, num codebook 16, num centroid 16
scale 0.100000, bias 0.200000
num threads 1, dpu num 1
input parallelism 1, lut parallelism 1, feature stile size 96, n stile size 64
n mtile size 64, feature mtile size 16, cb mtile size 16
lut load type 0, feature load tile size 8, cb load tile size 16
----------O LUT Params----------
index calc params:
num_threads 1
n 64, input feature len 32
num codebook 16, num centroid 16, sub vec len 2
n stile size 64, cb mtile size 16
lut kernel params:
n 64, output feature len 32, num codebook 16, num centroid 16
scale 0.100000, bias 0.200000
num threads 1, dpu num 1
input parallelism 1, lut parallelism 1, feature stile size 32, n stile size 64
n mtile size 64, feature mtile size 16, cb mtile size 16
lut load type 0, feature load tile size 8, cb load tile size 16
----------FFN1 LUT Params----------
index calc params:
num_threads 1
n 64, input feature len 32
num codebook 16, num centroid 16, sub vec len 2
n stile size 64, cb mtile size 16
lut kernel params:
n 64, output feature len 64, num codebook 16, num centroid 16
scale 0.100000, bias 0.200000
num threads 1, dpu num 1
input parallelism 1, lut parallelism 1, feature stile size 64, n stile size 64
n mtile size 64, feature mtile size 16, cb mtile size 16
lut load type 0, feature load tile size 8, cb load tile size 16
----------FFN2 LUT Params----------
index calc params:
num_threads 1
n 64, input feature len 64
num codebook 32, num centroid 16, sub vec len 2
n stile size 64, cb mtile size 16
lut kernel params:
n 64, output feature len 32, num codebook 32, num centroid 16
scale 0.100000, bias 0.200000
num threads 1, dpu num 1
input parallelism 1, lut parallelism 1, feature stile size 32, n stile size 64
n mtile size 64, feature mtile size 16, cb mtile size 16
lut load type 0, feature load tile size 8, cb load tile size 16
----------Attention Params----------
seq len 64, batch size 1, n 64
head num 1, head dim 32, token dim 32
dpu num 1, input parallelism 1, lut parallelism 1
n tile size 64, token tile size 32
num threads 1
-----------------------------------
parameter parsing time 0.001123
weight initialization time 0.003164
dpu allocate time 0.000001
--------------------------------------------
input initialization time 0.000022
index calculation time 0.000172
other latency 0.000054, data transfer latency 0.000000, pim kernel latency 0.000000
index calculation time 0.000298
other latency 0.000075, data transfer latency 0.000000, pim kernel latency 0.000000
index calculation time 0.000454
other latency 0.000111, data transfer latency 0.000000, pim kernel latency 0.000000
index calculation time 0.000766
other latency 0.000132, data transfer latency 0.000000, pim kernel latency 0.000000
amm time 0.001028, non amm time 0.000242
attention reorder time 0.000015, attention cpu compute time 0.000075
post o reorder+norm+residual time 0.000028, gelu+ffn1 reorder time 0.000037, post ffn2 reorder+norm+residual time 0.000023
tensor allocation overhead time 0.000009, other non amm time 0.000055
reorder breakdown: qkv_to_attention 0.000015, o 0.000006, ffn1 0.000009, ffn2 0.000006
host breakdown: attention 0.000075, reorder 0.000036, other 0.000131
iteration 0, inference time 0.001281
--------------------------------------------
input initialization time 0.000019
index calculation time 0.000929
other latency 0.000176, data transfer latency 0.000000, pim kernel latency 0.000000
index calculation time 0.001052
other latency 0.000191, data transfer latency 0.000001, pim kernel latency 0.000000
index calculation time 0.001214
other latency 0.000224, data transfer latency 0.000001, pim kernel latency 0.000000
index calculation time 0.001514
other latency 0.000239, data transfer latency 0.000001, pim kernel latency 0.000000
amm time 0.000943, non amm time 0.000129
attention reorder time 0.000005, attention cpu compute time 0.000066
post o reorder+norm+residual time 0.000015, gelu+ffn1 reorder time 0.000021, post ffn2 reorder+norm+residual time 0.000016
tensor allocation overhead time 0.000000, other non amm time 0.000006
reorder breakdown: qkv_to_attention 0.000005, o 0.000003, ffn1 0.000004, ffn2 0.000002
host breakdown: attention 0.000066, reorder 0.000014, other 0.000049
iteration 1, inference time 0.001080
--------------------------------------------
input initialization time 0.000019
index calculation time 0.001677
other latency 0.000287, data transfer latency 0.000001, pim kernel latency 0.000000
index calculation time 0.001800
other latency 0.000302, data transfer latency 0.000001, pim kernel latency 0.000000
index calculation time 0.001967
other latency 0.000331, data transfer latency 0.000001, pim kernel latency 0.000000
index calculation time 0.002268
other latency 0.000346, data transfer latency 0.000001, pim kernel latency 0.000000
amm time 0.000949, non amm time 0.000122
attention reorder time 0.000005, attention cpu compute time 0.000065
post o reorder+norm+residual time 0.000015, gelu+ffn1 reorder time 0.000016, post ffn2 reorder+norm+residual time 0.000015
tensor allocation overhead time 0.000001, other non amm time 0.000005
reorder breakdown: qkv_to_attention 0.000005, o 0.000003, ffn1 0.000004, ffn2 0.000002
host breakdown: attention 0.000065, reorder 0.000014, other 0.000043
iteration 2, inference time 0.001077
--------------------------------------------
input initialization time 0.000019
index calculation time 0.002440
other latency 0.000394, data transfer latency 0.000001, pim kernel latency 0.000000
index calculation time 0.002595
other latency 0.000410, data transfer latency 0.000001, pim kernel latency 0.000000
index calculation time 0.002748
other latency 0.000448, data transfer latency 0.000001, pim kernel latency 0.000000
index calculation time 0.003049
other latency 0.000464, data transfer latency 0.000002, pim kernel latency 0.000000
amm time 0.000993, non amm time 0.000124
attention reorder time 0.000004, attention cpu compute time 0.000065
post o reorder+norm+residual time 0.000015, gelu+ffn1 reorder time 0.000017, post ffn2 reorder+norm+residual time 0.000017
tensor allocation overhead time 0.000002, other non amm time 0.000004
reorder breakdown: qkv_to_attention 0.000004, o 0.000003, ffn1 0.000004, ffn2 0.000003
host breakdown: attention 0.000065, reorder 0.000014, other 0.000046
iteration 3, inference time 0.001124
--------------------------------------------
input initialization time 0.000018
index calculation time 0.003210
other latency 0.000530, data transfer latency 0.000003, pim kernel latency 0.000000
index calculation time 0.003335
other latency 0.000547, data transfer latency 0.000003, pim kernel latency 0.000000
index calculation time 0.003488
other latency 0.000576, data transfer latency 0.000003, pim kernel latency 0.000000
index calculation time 0.003789
other latency 0.000592, data transfer latency 0.000003, pim kernel latency 0.000000
amm time 0.001001, non amm time 0.000157
attention reorder time 0.000008, attention cpu compute time 0.000094
post o reorder+norm+residual time 0.000014, gelu+ffn1 reorder time 0.000017, post ffn2 reorder+norm+residual time 0.000016
tensor allocation overhead time 0.000001, other non amm time 0.000007
reorder breakdown: qkv_to_attention 0.000008, o 0.000002, ffn1 0.000004, ffn2 0.000003
host breakdown: attention 0.000094, reorder 0.000017, other 0.000046
iteration 4, inference time 0.001164
--------------------------------------------
input initialization time 0.000019
index calculation time 0.004015
other latency 0.000652, data transfer latency 0.000003, pim kernel latency 0.000000
index calculation time 0.004143
other latency 0.000666, data transfer latency 0.000003, pim kernel latency 0.000000
index calculation time 0.004296
other latency 0.000700, data transfer latency 0.000003, pim kernel latency 0.000000
index calculation time 0.004606
other latency 0.000715, data transfer latency 0.000003, pim kernel latency 0.000000
amm time 0.001045, non amm time 0.000124
attention reorder time 0.000005, attention cpu compute time 0.000065
post o reorder+norm+residual time 0.000014, gelu+ffn1 reorder time 0.000017, post ffn2 reorder+norm+residual time 0.000016
tensor allocation overhead time 0.000001, other non amm time 0.000006
reorder breakdown: qkv_to_attention 0.000005, o 0.000002, ffn1 0.000004, ffn2 0.000002
host breakdown: attention 0.000065, reorder 0.000013, other 0.000046
iteration 5, inference time 0.001175
--------------------------------------------
input initialization time 0.000018
index calculation time 0.004768
other latency 0.000763, data transfer latency 0.000003, pim kernel latency 0.000000
index calculation time 0.004891
other latency 0.000778, data transfer latency 0.000003, pim kernel latency 0.000000
index calculation time 0.005045
other latency 0.000808, data transfer latency 0.000003, pim kernel latency 0.000000
index calculation time 0.005352
other latency 0.000823, data transfer latency 0.000003, pim kernel latency 0.000000
amm time 0.000947, non amm time 0.000122
attention reorder time 0.000005, attention cpu compute time 0.000065
post o reorder+norm+residual time 0.000015, gelu+ffn1 reorder time 0.000016, post ffn2 reorder+norm+residual time 0.000016
tensor allocation overhead time 0.000001, other non amm time 0.000004
reorder breakdown: qkv_to_attention 0.000005, o 0.000002, ffn1 0.000004, ffn2 0.000003
host breakdown: attention 0.000065, reorder 0.000014, other 0.000043
iteration 6, inference time 0.001075
--------------------------------------------
input initialization time 0.000018
index calculation time 0.005514
other latency 0.000870, data transfer latency 0.000003, pim kernel latency 0.000000
index calculation time 0.005638
other latency 0.000885, data transfer latency 0.000003, pim kernel latency 0.000000
index calculation time 0.005792
other latency 0.000917, data transfer latency 0.000003, pim kernel latency 0.000000
index calculation time 0.006099
other latency 0.000932, data transfer latency 0.000003, pim kernel latency 0.000000
amm time 0.000949, non amm time 0.000121
attention reorder time 0.000004, attention cpu compute time 0.000065
post o reorder+norm+residual time 0.000014, gelu+ffn1 reorder time 0.000016, post ffn2 reorder+norm+residual time 0.000016
tensor allocation overhead time 0.000001, other non amm time 0.000005
reorder breakdown: qkv_to_attention 0.000004, o 0.000002, ffn1 0.000004, ffn2 0.000002
host breakdown: attention 0.000065, reorder 0.000012, other 0.000044
iteration 7, inference time 0.001103
--------------------------------------------
input initialization time 0.000019
index calculation time 0.006260
other latency 0.000979, data transfer latency 0.000003, pim kernel latency 0.000000
index calculation time 0.006384
other latency 0.000996, data transfer latency 0.000003, pim kernel latency 0.000000
index calculation time 0.006538
other latency 0.001026, data transfer latency 0.000003, pim kernel latency 0.000000
index calculation time 0.006838
other latency 0.001043, data transfer latency 0.000003, pim kernel latency 0.000000
amm time 0.000976, non amm time 0.000123
attention reorder time 0.000005, attention cpu compute time 0.000065
post o reorder+norm+residual time 0.000015, gelu+ffn1 reorder time 0.000017, post ffn2 reorder+norm+residual time 0.000016
tensor allocation overhead time 0.000001, other non amm time 0.000004
reorder breakdown: qkv_to_attention 0.000005, o 0.000002, ffn1 0.000004, ffn2 0.000003
host breakdown: attention 0.000065, reorder 0.000014, other 0.000044
iteration 8, inference time 0.001105
--------------------------------------------
input initialization time 0.000019
index calculation time 0.006999
other latency 0.001088, data transfer latency 0.000003, pim kernel latency 0.000000
index calculation time 0.007122
other latency 0.001104, data transfer latency 0.000003, pim kernel latency 0.000000
index calculation time 0.007285
other latency 0.001135, data transfer latency 0.000003, pim kernel latency 0.000000
index calculation time 0.007586
other latency 0.001151, data transfer latency 0.000003, pim kernel latency 0.000000
amm time 0.000946, non amm time 0.000126
attention reorder time 0.000006, attention cpu compute time 0.000065
post o reorder+norm+residual time 0.000015, gelu+ffn1 reorder time 0.000016, post ffn2 reorder+norm+residual time 0.000020
tensor allocation overhead time 0.000000, other non amm time 0.000004
reorder breakdown: qkv_to_attention 0.000006, o 0.000003, ffn1 0.000004, ffn2 0.000004
host breakdown: attention 0.000065, reorder 0.000017, other 0.000044
iteration 9, inference time 0.001080
--------------------------------------------
input initialization time 0.000024
index calculation time 0.007761
other latency 0.001199, data transfer latency 0.000003, pim kernel latency 0.000000
index calculation time 0.007898
other latency 0.001214, data transfer latency 0.000003, pim kernel latency 0.000000
index calculation time 0.008052
other latency 0.001248, data transfer latency 0.000003, pim kernel latency 0.000000
index calculation time 0.008353
other latency 0.001262, data transfer latency 0.000003, pim kernel latency 0.000000
amm time 0.000970, non amm time 0.000125
attention reorder time 0.000006, attention cpu compute time 0.000064
post o reorder+norm+residual time 0.000016, gelu+ffn1 reorder time 0.000017, post ffn2 reorder+norm+residual time 0.000016
tensor allocation overhead time 0.000002, other non amm time 0.000004
reorder breakdown: qkv_to_attention 0.000006, o 0.000004, ffn1 0.000005, ffn2 0.000003
host breakdown: attention 0.000064, reorder 0.000018, other 0.000043
iteration 10, inference time 0.001102
--------------------------------------------
input initialization time 0.000019
index calculation time 0.008515
other latency 0.001309, data transfer latency 0.000003, pim kernel latency 0.000000
index calculation time 0.008639
other latency 0.001324, data transfer latency 0.000003, pim kernel latency 0.000000
index calculation time 0.008790
other latency 0.001354, data transfer latency 0.000003, pim kernel latency 0.000000
index calculation time 0.009091
other latency 0.001369, data transfer latency 0.000003, pim kernel latency 0.000000
amm time 0.000934, non amm time 0.000135
attention reorder time 0.000005, attention cpu compute time 0.000076
post o reorder+norm+residual time 0.000015, gelu+ffn1 reorder time 0.000016, post ffn2 reorder+norm+residual time 0.000015
tensor allocation overhead time 0.000002, other non amm time 0.000006
reorder breakdown: qkv_to_attention 0.000005, o 0.000002, ffn1 0.000004, ffn2 0.000002
host breakdown: attention 0.000076, reorder 0.000013, other 0.000046
iteration 11, inference time 0.001075
--------------------------------------------
input initialization time 0.000019
index calculation time 0.009252
other latency 0.001422, data transfer latency 0.000003, pim kernel latency 0.000000
index calculation time 0.009379
other latency 0.001437, data transfer latency 0.000003, pim kernel latency 0.000000
index calculation time 0.009532
other latency 0.001470, data transfer latency 0.000003, pim kernel latency 0.000000
index calculation time 0.009831
other latency 0.001485, data transfer latency 0.000003, pim kernel latency 0.000000
amm time 0.000966, non amm time 0.000124
attention reorder time 0.000005, attention cpu compute time 0.000065
post o reorder+norm+residual time 0.000014, gelu+ffn1 reorder time 0.000017, post ffn2 reorder+norm+residual time 0.000016
tensor allocation overhead time 0.000002, other non amm time 0.000005
reorder breakdown: qkv_to_attention 0.000005, o 0.000002, ffn1 0.000004, ffn2 0.000002
host breakdown: attention 0.000065, reorder 0.000013, other 0.000046
iteration 12, inference time 0.001096
--------------------------------------------
input initialization time 0.000018
index calculation time 0.010004
other latency 0.001532, data transfer latency 0.000003, pim kernel latency 0.000000
index calculation time 0.010127
other latency 0.001547, data transfer latency 0.000003, pim kernel latency 0.000000
index calculation time 0.010281
other latency 0.001577, data transfer latency 0.000003, pim kernel latency 0.000000
index calculation time 0.010581
other latency 0.001592, data transfer latency 0.000003, pim kernel latency 0.000000
amm time 0.000950, non amm time 0.000130
attention reorder time 0.000005, attention cpu compute time 0.000065
post o reorder+norm+residual time 0.000015, gelu+ffn1 reorder time 0.000016, post ffn2 reorder+norm+residual time 0.000025
tensor allocation overhead time 0.000002, other non amm time 0.000002
reorder breakdown: qkv_to_attention 0.000005, o 0.000003, ffn1 0.000004, ffn2 0.000002
host breakdown: attention 0.000065, reorder 0.000014, other 0.000051
iteration 13, inference time 0.001087
--------------------------------------------
input initialization time 0.000019
index calculation time 0.010742
other latency 0.001639, data transfer latency 0.000003, pim kernel latency 0.000000
index calculation time 0.010868
other latency 0.001654, data transfer latency 0.000003, pim kernel latency 0.000000
index calculation time 0.011020
other latency 0.001688, data transfer latency 0.000003, pim kernel latency 0.000000
index calculation time 0.011329
other latency 0.001704, data transfer latency 0.000004, pim kernel latency 0.000000
amm time 0.000946, non amm time 0.000121
attention reorder time 0.000005, attention cpu compute time 0.000064
post o reorder+norm+residual time 0.000015, gelu+ffn1 reorder time 0.000016, post ffn2 reorder+norm+residual time 0.000016
tensor allocation overhead time 0.000002, other non amm time 0.000003
reorder breakdown: qkv_to_attention 0.000005, o 0.000003, ffn1 0.000004, ffn2 0.000003
host breakdown: attention 0.000064, reorder 0.000015, other 0.000042
iteration 14, inference time 0.001074
--------------------------------------------
10 rounds' average inference time 0.001097

----------Transformer Params----------
thread num 1
layer num 1
PIM LUT binaries ./build/bin/dpu_bin_qkv ./build/bin/dpu_bin_o ./build/bin/dpu_bin_ffn1 ./build/bin/dpu_bin_ffn2
----------QKV LUT Params----------
index calc params:
num_threads 1
n 64, input feature len 32
num codebook 16, num centroid 16, sub vec len 2
n stile size 64, cb mtile size 16
lut kernel params:
n 64, output feature len 96, num codebook 16, num centroid 16
scale 0.100000, bias 0.200000
num threads 1, dpu num 1
input parallelism 1, lut parallelism 1, feature stile size 96, n stile size 64
n mtile size 64, feature mtile size 16, cb mtile size 16
lut load type 0, feature load tile size 8, cb load tile size 16
----------O LUT Params----------
index calc params:
num_threads 1
n 64, input feature len 32
num codebook 16, num centroid 16, sub vec len 2
n stile size 64, cb mtile size 16
lut kernel params:
n 64, output feature len 32, num codebook 16, num centroid 16
scale 0.100000, bias 0.200000
num threads 1, dpu num 1
input parallelism 1, lut parallelism 1, feature stile size 32, n stile size 64
n mtile size 64, feature mtile size 16, cb mtile size 16
lut load type 0, feature load tile size 8, cb load tile size 16
----------FFN1 LUT Params----------
index calc params:
num_threads 1
n 64, input feature len 32
num codebook 16, num centroid 16, sub vec len 2
n stile size 64, cb mtile size 16
lut kernel params:
n 64, output feature len 64, num codebook 16, num centroid 16
scale 0.100000, bias 0.200000
num threads 1, dpu num 1
input parallelism 1, lut parallelism 1, feature stile size 64, n stile size 64
n mtile size 64, feature mtile size 16, cb mtile size 16
lut load type 0, feature load tile size 8, cb load tile size 16
----------FFN2 LUT Params----------
index calc params:
num_threads 1
n 64, input feature len 64
num codebook 32, num centroid 16, sub vec len 2
n stile size 64, cb mtile size 16
lut kernel params:
n 64, output feature len 32, num codebook 32, num centroid 16
scale 0.100000, bias 0.200000
num threads 1, dpu num 1
input parallelism 1, lut parallelism 1, feature stile size 32, n stile size 64
n mtile size 64, feature mtile size 16, cb mtile size 16
lut load type 0, feature load tile size 8, cb load tile size 16
----------Attention Params----------
seq len 64, batch size 1, n 64
head num 1, head dim 32, token dim 32
dpu num 1, input parallelism 1, lut parallelism 1
n tile size 64, token tile size 32
num threads 1
-----------------------------------
parameter parsing time 0.001347
weight initialization time 0.003084
dpu allocate time 0.000001
--------------------------------------------
input initialization time 0.000022
index calculation time 0.000190
other latency 0.000069, data transfer latency 0.000000, pim kernel latency 0.000000
index calculation time 0.000315
other latency 0.000089, data transfer latency 0.000000, pim kernel latency 0.000000
index calculation time 0.000470
other latency 0.000125, data transfer latency 0.000000, pim kernel latency 0.000000
index calculation time 0.000781
other latency 0.000146, data transfer latency 0.000000, pim kernel latency 0.000000
amm time 0.001056, non amm time 0.000232
attention reorder time 0.000018, attention cpu compute time 0.000075
post o reorder+norm+residual time 0.000024, gelu+ffn1 reorder time 0.000029, post ffn2 reorder+norm+residual time 0.000024
tensor allocation overhead time 0.000007, other non amm time 0.000055
reorder breakdown: qkv_to_attention 0.000018, o 0.000006, ffn1 0.000009, ffn2 0.000007
host breakdown: attention 0.000075, reorder 0.000040, other 0.000117
iteration 0, inference time 0.001297
--------------------------------------------
input initialization time 0.000019
index calculation time 0.000943
other latency 0.000190, data transfer latency 0.000001, pim kernel latency 0.000000
index calculation time 0.001074
other latency 0.000206, data transfer latency 0.000001, pim kernel latency 0.000000
index calculation time 0.001227
other latency 0.000238, data transfer latency 0.000002, pim kernel latency 0.000000
index calculation time 0.001551
other latency 0.000254, data transfer latency 0.000002, pim kernel latency 0.000000
amm time 0.000971, non amm time 0.000128
attention reorder time 0.000005, attention cpu compute time 0.000066
post o reorder+norm+residual time 0.000015, gelu+ffn1 reorder time 0.000017, post ffn2 reorder+norm+residual time 0.000019
tensor allocation overhead time 0.000000, other non amm time 0.000006
reorder breakdown: qkv_to_attention 0.000005, o 0.000003, ffn1 0.000004, ffn2 0.000002
host breakdown: attention 0.000066, reorder 0.000014, other 0.000048
iteration 1, inference time 0.001109
--------------------------------------------
input initialization time 0.000019
index calculation time 0.001714
other latency 0.000302, data transfer latency 0.000002, pim kernel latency 0.000000
index calculation time 0.001838
other latency 0.000318, data transfer latency 0.000002, pim kernel latency 0.000000
index calculation time 0.001997
other latency 0.000365, data transfer latency 0.000002, pim kernel latency 0.000000
index calculation time 0.002308
other latency 0.000381, data transfer latency 0.000002, pim kernel latency 0.000000
amm time 0.000997, non amm time 0.000138
attention reorder time 0.000005, attention cpu compute time 0.000066
post o reorder+norm+residual time 0.000014, gelu+ffn1 reorder time 0.000029, post ffn2 reorder+norm+residual time 0.000017
tensor allocation overhead time 0.000002, other non amm time 0.000005
reorder breakdown: qkv_to_attention 0.000005, o 0.000002, ffn1 0.000007, ffn2 0.000003
host breakdown: attention 0.000066, reorder 0.000017, other 0.000055
iteration 2, inference time 0.001141
--------------------------------------------
input initialization time 0.000019
index calculation time 0.002470
other latency 0.000430, data transfer latency 0.000003, pim kernel latency 0.000000
index calculation time 0.002596
other latency 0.000445, data transfer latency 0.000003, pim kernel latency 0.000000
index calculation time 0.002758
other latency 0.000478, data transfer latency 0.000004, pim kernel latency 0.000000
index calculation time 0.003074
other latency 0.000494, data transfer latency 0.000004, pim kernel latency 0.000000
amm time 0.000982, non amm time 0.000130
attention reorder time 0.000005, attention cpu compute time 0.000066
post o reorder+norm+residual time 0.000016, gelu+ffn1 reorder time 0.000020, post ffn2 reorder+norm+residual time 0.000016
tensor allocation overhead time 0.000001, other non amm time 0.000006
reorder breakdown: qkv_to_attention 0.000005, o 0.000003, ffn1 0.000005, ffn2 0.000003
host breakdown: attention 0.000066, reorder 0.000016, other 0.000048
iteration 3, inference time 0.001117
--------------------------------------------
input initialization time 0.000019
index calculation time 0.003237
other latency 0.000543, data transfer latency 0.000004, pim kernel latency 0.000000
index calculation time 0.003375
other latency 0.000559, data transfer latency 0.000004, pim kernel latency 0.000000
index calculation time 0.003529
other latency 0.000589, data transfer latency 0.000005, pim kernel latency 0.000000
index calculation time 0.003830
other latency 0.000605, data transfer latency 0.000005, pim kernel latency 0.000000
amm time 0.000995, non amm time 0.000141
attention reorder time 0.000005, attention cpu compute time 0.000068
post o reorder+norm+residual time 0.000015, gelu+ffn1 reorder time 0.000029, post ffn2 reorder+norm+residual time 0.000017
tensor allocation overhead time 0.000000, other non amm time 0.000007
reorder breakdown: qkv_to_attention 0.000005, o 0.000003, ffn1 0.000004, ffn2 0.000003
host breakdown: attention 0.000068, reorder 0.000015, other 0.000058
iteration 4, inference time 0.001142
--------------------------------------------
input initialization time 0.000019
index calculation time 0.003992
other latency 0.000654, data transfer latency 0.000005, pim kernel latency 0.000000
index calculation time 0.004116
other latency 0.000669, data transfer latency 0.000006, pim kernel latency 0.000000
index calculation time 0.004270
other latency 0.000702, data transfer latency 0.000006, pim kernel latency 0.000000
index calculation time 0.004569
other latency 0.000717, data transfer latency 0.000006, pim kernel latency 0.000000
amm time 0.000941, non amm time 0.000143
attention reorder time 0.000006, attention cpu compute time 0.000068
post o reorder+norm+residual time 0.000015, gelu+ffn1 reorder time 0.000022, post ffn2 reorder+norm+residual time 0.000016
tensor allocation overhead time 0.000003, other non amm time 0.000013
reorder breakdown: qkv_to_attention 0.000006, o 0.000003, ffn1 0.000003, ffn2 0.000003
host breakdown: attention 0.000068, reorder 0.000015, other 0.000060
iteration 5, inference time 0.001091
--------------------------------------------
input initialization time 0.000018
index calculation time 0.004737
other latency 0.000765, data transfer latency 0.000006, pim kernel latency 0.000000
index calculation time 0.004862
other latency 0.000780, data transfer latency 0.000006, pim kernel latency 0.000000
index calculation time 0.005013
other latency 0.000808, data transfer latency 0.000006, pim kernel latency 0.000000
index calculation time 0.005313
other latency 0.000824, data transfer latency 0.000006, pim kernel latency 0.000000
amm time 0.000950, non amm time 0.000124
attention reorder time 0.000005, attention cpu compute time 0.000066
post o reorder+norm+residual time 0.000015, gelu+ffn1 reorder time 0.000017, post ffn2 reorder+norm+residual time 0.000016
tensor allocation overhead time 0.000000, other non amm time 0.000005
reorder breakdown: qkv_to_attention 0.000005, o 0.000003, ffn1 0.000005, ffn2 0.000002
host breakdown: attention 0.000066, reorder 0.000015, other 0.000043
iteration 6, inference time 0.001079
--------------------------------------------
input initialization time 0.000018
index calculation time 0.005514
other latency 0.000871, data transfer latency 0.000006, pim kernel latency 0.000000
index calculation time 0.005639
other latency 0.000886, data transfer latency 0.000006, pim kernel latency 0.000000
index calculation time 0.005792
other latency 0.000920, data transfer latency 0.000006, pim kernel latency 0.000000
index calculation time 0.006101
other latency 0.000936, data transfer latency 0.000006, pim kernel latency 0.000000
amm time 0.000992, non amm time 0.000128
attention reorder time 0.000006, attention cpu compute time 0.000066
post o reorder+norm+residual time 0.000015, gelu+ffn1 reorder time 0.000018, post ffn2 reorder+norm+residual time 0.000017
tensor allocation overhead time 0.000001, other non amm time 0.000005
reorder breakdown: qkv_to_attention 0.000006, o 0.000003, ffn1 0.000004, ffn2 0.000003
host breakdown: attention 0.000066, reorder 0.000016, other 0.000046
iteration 7, inference time 0.001124
--------------------------------------------
input initialization time 0.000019
index calculation time 0.006262
other latency 0.000985, data transfer latency 0.000006, pim kernel latency 0.000000
index calculation time 0.006385
other latency 0.001000, data transfer latency 0.000006, pim kernel latency 0.000000
index calculation time 0.006539
other latency 0.001030, data transfer latency 0.000006, pim kernel latency 0.000000
index calculation time 0.006844
other latency 0.001046, data transfer latency 0.000006, pim kernel latency 0.000000
amm time 0.000956, non amm time 0.000125
attention reorder time 0.000005, attention cpu compute time 0.000066
post o reorder+norm+residual time 0.000015, gelu+ffn1 reorder time 0.000017, post ffn2 reorder+norm+residual time 0.000016
tensor allocation overhead time 0.000002, other non amm time 0.000004
reorder breakdown: qkv_to_attention 0.000005, o 0.000002, ffn1 0.000004, ffn2 0.000002
host breakdown: attention 0.000066, reorder 0.000013, other 0.000046
iteration 8, inference time 0.001088
--------------------------------------------
input initialization time 0.000019
index calculation time 0.007005
other latency 0.001093, data transfer latency 0.000006, pim kernel latency 0.000000
index calculation time 0.007129
other latency 0.001108, data transfer latency 0.000006, pim kernel latency 0.000000
index calculation time 0.007282
other latency 0.001138, data transfer latency 0.000006, pim kernel latency 0.000000
index calculation time 0.007587
other latency 0.001153, data transfer latency 0.000006, pim kernel latency 0.000000
amm time 0.000939, non amm time 0.000123
attention reorder time 0.000005, attention cpu compute time 0.000066
post o reorder+norm+residual time 0.000015, gelu+ffn1 reorder time 0.000016, post ffn2 reorder+norm+residual time 0.000016
tensor allocation overhead time 0.000000, other non amm time 0.000005
reorder breakdown: qkv_to_attention 0.000005, o 0.000003, ffn1 0.000004, ffn2 0.000003
host breakdown: attention 0.000066, reorder 0.000015, other 0.000042
iteration 9, inference time 0.001068
--------------------------------------------
input initialization time 0.000018
index calculation time 0.007751
other latency 0.001210, data transfer latency 0.000006, pim kernel latency 0.000000
index calculation time 0.007876
other latency 0.001226, data transfer latency 0.000006, pim kernel latency 0.000000
index calculation time 0.008032
other latency 0.001285, data transfer latency 0.000006, pim kernel latency 0.000000
index calculation time 0.008336
other latency 0.001301, data transfer latency 0.000006, pim kernel latency 0.000000
amm time 0.001020, non amm time 0.000149
attention reorder time 0.000006, attention cpu compute time 0.000069
post o reorder+norm+residual time 0.000016, gelu+ffn1 reorder time 0.000034, post ffn2 reorder+norm+residual time 0.000018
tensor allocation overhead time 0.000001, other non amm time 0.000005
reorder breakdown: qkv_to_attention 0.000006, o 0.000002, ffn1 0.000005, ffn2 0.000003
host breakdown: attention 0.000069, reorder 0.000016, other 0.000064
iteration 10, inference time 0.001175
--------------------------------------------
input initialization time 0.000021
index calculation time 0.008502
other latency 0.001355, data transfer latency 0.000006, pim kernel latency 0.000000
index calculation time 0.008705
other latency 0.001372, data transfer latency 0.000006, pim kernel latency 0.000000
index calculation time 0.008859
other latency 0.001400, data transfer latency 0.000006, pim kernel latency 0.000000
index calculation time 0.009157
other latency 0.001416, data transfer latency 0.000006, pim kernel latency 0.000000
amm time 0.001049, non amm time 0.000155
attention reorder time 0.000007, attention cpu compute time 0.000071
post o reorder+norm+residual time 0.000015, gelu+ffn1 reorder time 0.000035, post ffn2 reorder+norm+residual time 0.000016
tensor allocation overhead time 0.000001, other non amm time 0.000010
reorder breakdown: qkv_to_attention 0.000007, o 0.000002, ffn1 0.000005, ffn2 0.000003
host breakdown: attention 0.000071, reorder 0.000017, other 0.000067
iteration 11, inference time 0.001213
--------------------------------------------
input initialization time 0.000018
index calculation time 0.009319
other latency 0.001464, data transfer latency 0.000006, pim kernel latency 0.000000
index calculation time 0.009443
other latency 0.001480, data transfer latency 0.000006, pim kernel latency 0.000000
index calculation time 0.009597
other latency 0.001515, data transfer latency 0.000006, pim kernel latency 0.000000
index calculation time 0.009897
other latency 0.001531, data transfer latency 0.000006, pim kernel latency 0.000000
amm time 0.000984, non amm time 0.000143
attention reorder time 0.000006, attention cpu compute time 0.000068
post o reorder+norm+residual time 0.000015, gelu+ffn1 reorder time 0.000033, post ffn2 reorder+norm+residual time 0.000016
tensor allocation overhead time 0.000000, other non amm time 0.000005
reorder breakdown: qkv_to_attention 0.000006, o 0.000003, ffn1 0.000005, ffn2 0.000003
host breakdown: attention 0.000068, reorder 0.000017, other 0.000058
iteration 12, inference time 0.001132
--------------------------------------------
input initialization time 0.000026
index calculation time 0.010078
other latency 0.001580, data transfer latency 0.000007, pim kernel latency 0.000000
index calculation time 0.010204
other latency 0.001596, data transfer latency 0.000007, pim kernel latency 0.000000
index calculation time 0.010357
other latency 0.001626, data transfer latency 0.000007, pim kernel latency 0.000000
index calculation time 0.010655
other latency 0.001648, data transfer latency 0.000007, pim kernel latency 0.000000
amm time 0.000971, non amm time 0.000130
attention reorder time 0.000006, attention cpu compute time 0.000068
post o reorder+norm+residual time 0.000015, gelu+ffn1 reorder time 0.000020, post ffn2 reorder+norm+residual time 0.000016
tensor allocation overhead time 0.000001, other non amm time 0.000004
reorder breakdown: qkv_to_attention 0.000006, o 0.000003, ffn1 0.000004, ffn2 0.000002
host breakdown: attention 0.000068, reorder 0.000015, other 0.000047
iteration 13, inference time 0.001107
--------------------------------------------
input initialization time 0.000019
index calculation time 0.010817
other latency 0.001696, data transfer latency 0.000007, pim kernel latency 0.000000
index calculation time 0.010941
other latency 0.001711, data transfer latency 0.000007, pim kernel latency 0.000000
index calculation time 0.011094
other latency 0.001745, data transfer latency 0.000007, pim kernel latency 0.000001
index calculation time 0.011429
other latency 0.001760, data transfer latency 0.000007, pim kernel latency 0.000001
amm time 0.000989, non amm time 0.000139
attention reorder time 0.000008, attention cpu compute time 0.000075
post o reorder+norm+residual time 0.000015, gelu+ffn1 reorder time 0.000017, post ffn2 reorder+norm+residual time 0.000016
tensor allocation overhead time 0.000002, other non amm time 0.000005
reorder breakdown: qkv_to_attention 0.000008, o 0.000002, ffn1 0.000004, ffn2 0.000002
host breakdown: attention 0.000075, reorder 0.000016, other 0.000047
iteration 14, inference time 0.001134
--------------------------------------------
10 rounds' average inference time 0.001121

----------Transformer Params----------
thread num 1
layer num 1
PIM LUT binaries ./build/bin/dpu_bin_qkv ./build/bin/dpu_bin_o ./build/bin/dpu_bin_ffn1 ./build/bin/dpu_bin_ffn2
----------QKV LUT Params----------
index calc params:
num_threads 1
n 64, input feature len 32
num codebook 16, num centroid 16, sub vec len 2
n stile size 64, cb mtile size 16
lut kernel params:
n 64, output feature len 96, num codebook 16, num centroid 16
scale 0.100000, bias 0.200000
num threads 1, dpu num 1
input parallelism 1, lut parallelism 1, feature stile size 96, n stile size 64
n mtile size 64, feature mtile size 16, cb mtile size 16
lut load type 0, feature load tile size 8, cb load tile size 16
----------O LUT Params----------
index calc params:
num_threads 1
n 64, input feature len 32
num codebook 16, num centroid 16, sub vec len 2
n stile size 64, cb mtile size 16
lut kernel params:
n 64, output feature len 32, num codebook 16, num centroid 16
scale 0.100000, bias 0.200000
num threads 1, dpu num 1
input parallelism 1, lut parallelism 1, feature stile size 32, n stile size 64
n mtile size 64, feature mtile size 16, cb mtile size 16
lut load type 0, feature load tile size 8, cb load tile size 16
----------FFN1 LUT Params----------
index calc params:
num_threads 1
n 64, input feature len 32
num codebook 16, num centroid 16, sub vec len 2
n stile size 64, cb mtile size 16
lut kernel params:
n 64, output feature len 64, num codebook 16, num centroid 16
scale 0.100000, bias 0.200000
num threads 1, dpu num 1
input parallelism 1, lut parallelism 1, feature stile size 64, n stile size 64
n mtile size 64, feature mtile size 16, cb mtile size 16
lut load type 0, feature load tile size 8, cb load tile size 16
----------FFN2 LUT Params----------
index calc params:
num_threads 1
n 64, input feature len 64
num codebook 32, num centroid 16, sub vec len 2
n stile size 64, cb mtile size 16
lut kernel params:
n 64, output feature len 32, num codebook 32, num centroid 16
scale 0.100000, bias 0.200000
num threads 1, dpu num 1
input parallelism 1, lut parallelism 1, feature stile size 32, n stile size 64
n mtile size 64, feature mtile size 16, cb mtile size 16
lut load type 0, feature load tile size 8, cb load tile size 16
----------Attention Params----------
seq len 64, batch size 1, n 64
head num 1, head dim 32, token dim 32
dpu num 1, input parallelism 1, lut parallelism 1
n tile size 64, token tile size 32
num threads 1
-----------------------------------
parameter parsing time 0.001068
weight initialization time 0.003053
dpu allocate time 0.000000
--------------------------------------------
input initialization time 0.000022
index calculation time 0.000167
other latency 0.000054, data transfer latency 0.000000, pim kernel latency 0.000000
index calculation time 0.000301
other latency 0.000073, data transfer latency 0.000000, pim kernel latency 0.000000
index calculation time 0.000456
other latency 0.000110, data transfer latency 0.000000, pim kernel latency 0.000000
index calculation time 0.000756
other latency 0.000129, data transfer latency 0.000000, pim kernel latency 0.000000
amm time 0.000994, non amm time 0.000229
attention reorder time 0.000012, attention cpu compute time 0.000074
post o reorder+norm+residual time 0.000024, gelu+ffn1 reorder time 0.000028, post ffn2 reorder+norm+residual time 0.000028
tensor allocation overhead time 0.000005, other non amm time 0.000058
reorder breakdown: qkv_to_attention 0.000012, o 0.000006, ffn1 0.000009, ffn2 0.000011
host breakdown: attention 0.000074, reorder 0.000038, other 0.000117
iteration 0, inference time 0.001231
--------------------------------------------
input initialization time 0.000019
index calculation time 0.000919
other latency 0.000179, data transfer latency 0.000000, pim kernel latency 0.000000
index calculation time 0.001043
other latency 0.000195, data transfer latency 0.000000, pim kernel latency 0.000000
index calculation time 0.001196
other latency 0.000228, data transfer latency 0.000000, pim kernel latency 0.000000
index calculation time 0.001495
other latency 0.000243, data transfer latency 0.000000, pim kernel latency 0.000000
amm time 0.000942, non amm time 0.000126
attention reorder time 0.000005, attention cpu compute time 0.000066
post o reorder+norm+residual time 0.000015, gelu+ffn1 reorder time 0.000017, post ffn2 reorder+norm+residual time 0.000016
tensor allocation overhead time 0.000001, other non amm time 0.000006
reorder breakdown: qkv_to_attention 0.000005, o 0.000002, ffn1 0.000004, ffn2 0.000003
host breakdown: attention 0.000066, reorder 0.000014, other 0.000046
iteration 1, inference time 0.001074
--------------------------------------------
input initialization time 0.000019
index calculation time 0.001664
other latency 0.000290, data transfer latency 0.000000, pim kernel latency 0.000000
index calculation time 0.001793
other latency 0.000305, data transfer latency 0.000000, pim kernel latency 0.000000
index calculation time 0.001946
other latency 0.000335, data transfer latency 0.000000, pim kernel latency 0.000000
index calculation time 0.002244
other latency 0.000352, data transfer latency 0.000000, pim kernel latency 0.000000
amm time 0.000943, non amm time 0.000123
attention reorder time 0.000005, attention cpu compute time 0.000066
post o reorder+norm+residual time 0.000015, gelu+ffn1 reorder time 0.000016, post ffn2 reorder+norm+residual time 0.000016
tensor allocation overhead time 0.000000, other non amm time 0.000005
reorder breakdown: qkv_to_attention 0.000005, o 0.000003, ffn1 0.000004, ffn2 0.000002
host breakdown: attention 0.000066, reorder 0.000014, other 0.000043
iteration 2, inference time 0.001072
--------------------------------------------
input initialization time 0.000018
index calculation time 0.002412
other latency 0.000398, data transfer latency 0.000000, pim kernel latency 0.000000
index calculation time 0.002536
other latency 0.000413, data transfer latency 0.000000, pim kernel latency 0.000000
index calculation time 0.002690
other latency 0.000445, data transfer latency 0.000001, pim kernel latency 0.000000
index calculation time 0.002988
other latency 0.000462, data transfer latency 0.000001, pim kernel latency 0.000000
amm time 0.000964, non amm time 0.000123
attention reorder time 0.000005, attention cpu compute time 0.000066
post o reorder+norm+residual time 0.000014, gelu+ffn1 reorder time 0.000016, post ffn2 reorder+norm+residual time 0.000015
tensor allocation overhead time 0.000003, other non amm time 0.000004
reorder breakdown: qkv_to_attention 0.000005, o 0.000002, ffn1 0.000004, ffn2 0.000002
host breakdown: attention 0.000066, reorder 0.000013, other 0.000044
iteration 3, inference time 0.001093
--------------------------------------------
input initialization time 0.000018
index calculation time 0.003150
other latency 0.000509, data transfer latency 0.000001, pim kernel latency 0.000000
index calculation time 0.003276
other latency 0.000524, data transfer latency 0.000001, pim kernel latency 0.000000
index calculation time 0.003428
other latency 0.000554, data transfer latency 0.000001, pim kernel latency 0.000000
index calculation time 0.003816
other latency 0.000570, data transfer latency 0.000001, pim kernel latency 0.000000
amm time 0.001073, non amm time 0.000153
attention reorder time 0.000005, attention cpu compute time 0.000066
post o reorder+norm+residual time 0.000014, gelu+ffn1 reorder time 0.000017, post ffn2 reorder+norm+residual time 0.000045
tensor allocation overhead time 0.000002, other non amm time 0.000004
reorder breakdown: qkv_to_attention 0.000005, o 0.000002, ffn1 0.000004, ffn2 0.000031
host breakdown: attention 0.000066, reorder 0.000042, other 0.000045
iteration 4, inference time 0.001231
--------------------------------------------
input initialization time 0.000019
index calculation time 0.003978
other latency 0.000617, data transfer latency 0.000001, pim kernel latency 0.000000
index calculation time 0.004103
other latency 0.000632, data transfer latency 0.000001, pim kernel latency 0.000000
index calculation time 0.004256
other latency 0.000665, data transfer latency 0.000001, pim kernel latency 0.000000
index calculation time 0.004553
other latency 0.000681, data transfer latency 0.000001, pim kernel latency 0.000000
amm time 0.000951, non amm time 0.000127
attention reorder time 0.000005, attention cpu compute time 0.000067
post o reorder+norm+residual time 0.000015, gelu+ffn1 reorder time 0.000018, post ffn2 reorder+norm+residual time 0.000016
tensor allocation overhead time 0.000000, other non amm time 0.000006
reorder breakdown: qkv_to_attention 0.000005, o 0.000002, ffn1 0.000004, ffn2 0.000003
host breakdown: attention 0.000067, reorder 0.000014, other 0.000046
iteration 5, inference time 0.001085
--------------------------------------------
input initialization time 0.000018
index calculation time 0.004714
other latency 0.000728, data transfer latency 0.000001, pim kernel latency 0.000000
index calculation time 0.004838
other latency 0.000743, data transfer latency 0.000001, pim kernel latency 0.000000
index calculation time 0.005000
other latency 0.000772, data transfer latency 0.000001, pim kernel latency 0.000001
index calculation time 0.005297
other latency 0.000788, data transfer latency 0.000001, pim kernel latency 0.000001
amm time 0.000958, non amm time 0.000124
attention reorder time 0.000005, attention cpu compute time 0.000066
post o reorder+norm+residual time 0.000015, gelu+ffn1 reorder time 0.000016, post ffn2 reorder+norm+residual time 0.000017
tensor allocation overhead time 0.000000, other non amm time 0.000005
reorder breakdown: qkv_to_attention 0.000005, o 0.000003, ffn1 0.000003, ffn2 0.000003
host breakdown: attention 0.000066, reorder 0.000014, other 0.000044
iteration 6, inference time 0.001088
--------------------------------------------
input initialization time 0.000018
index calculation time 0.005460
other latency 0.000834, data transfer latency 0.000001, pim kernel latency 0.000001
index calculation time 0.005594
other latency 0.000851, data transfer latency 0.000001, pim kernel latency 0.000001
index calculation time 0.005746
other latency 0.000883, data transfer latency 0.000001, pim kernel latency 0.000001
index calculation time 0.006044
other latency 0.000898, data transfer latency 0.000001, pim kernel latency 0.000001
amm time 0.000944, non amm time 0.000124
attention reorder time 0.000005, attention cpu compute time 0.000065
post o reorder+norm+residual time 0.000015, gelu+ffn1 reorder time 0.000017, post ffn2 reorder+norm+residual time 0.000016
tensor allocation overhead time 0.000003, other non amm time 0.000003
reorder breakdown: qkv_to_attention 0.000005, o 0.000003, ffn1 0.000004, ffn2 0.000003
host breakdown: attention 0.000065, reorder 0.000015, other 0.000044
iteration 7, inference time 0.001075
--------------------------------------------
input initialization time 0.000019
index calculation time 0.006209
other latency 0.000945, data transfer latency 0.000001, pim kernel latency 0.000001
index calculation time 0.006345
other latency 0.000960, data transfer latency 0.000002, pim kernel latency 0.000001
index calculation time 0.006498
other latency 0.000989, data transfer latency 0.000002, pim kernel latency 0.000001
index calculation time 0.006817
other latency 0.001006, data transfer latency 0.000002, pim kernel latency 0.000001
amm time 0.001014, non amm time 0.000126
attention reorder time 0.000005, attention cpu compute time 0.000066
post o reorder+norm+residual time 0.000015, gelu+ffn1 reorder time 0.000017, post ffn2 reorder+norm+residual time 0.000016
tensor allocation overhead time 0.000003, other non amm time 0.000004
reorder breakdown: qkv_to_attention 0.000005, o 0.000003, ffn1 0.000004, ffn2 0.000002
host breakdown: attention 0.000066, reorder 0.000014, other 0.000046
iteration 8, inference time 0.001146
--------------------------------------------
input initialization time 0.000019
index calculation time 0.006979
other latency 0.001065, data transfer latency 0.000002, pim kernel latency 0.000001
index calculation time 0.007104
other latency 0.001081, data transfer latency 0.000002, pim kernel latency 0.000001
index calculation time 0.007257
other latency 0.001111, data transfer latency 0.000002, pim kernel latency 0.000001
index calculation time 0.007555
other latency 0.001126, data transfer latency 0.000002, pim kernel latency 0.000001
amm time 0.000964, non amm time 0.000130
attention reorder time 0.000006, attention cpu compute time 0.000068
post o reorder+norm+residual time 0.000015, gelu+ffn1 reorder time 0.000018, post ffn2 reorder+norm+residual time 0.000016
tensor allocation overhead time 0.000000, other non amm time 0.000007
reorder breakdown: qkv_to_attention 0.000006, o 0.000002, ffn1 0.000004, ffn2 0.000002
host breakdown: attention 0.000068, reorder 0.000014, other 0.000048
iteration 9, inference time 0.001100
--------------------------------------------
input initialization time 0.000019
index calculation time 0.007729
other latency 0.001174, data transfer latency 0.000002, pim kernel latency 0.000001
index calculation time 0.007855
other latency 0.001189, data transfer latency 0.000002, pim kernel latency 0.000002
index calculation time 0.008038
other latency 0.001221, data transfer latency 0.000002, pim kernel latency 0.000002
index calculation time 0.008344
other latency 0.001236, data transfer latency 0.000002, pim kernel latency 0.000002
amm time 0.001004, non amm time 0.000127
attention reorder time 0.000006, attention cpu compute time 0.000067
post o reorder+norm+residual time 0.000015, gelu+ffn1 reorder time 0.000018, post ffn2 reorder+norm+residual time 0.000016
tensor allocation overhead time 0.000001, other non amm time 0.000004
reorder breakdown: qkv_to_attention 0.000006, o 0.000003, ffn1 0.000004, ffn2 0.000003
host breakdown: attention 0.000067, reorder 0.000016, other 0.000044
iteration 10, inference time 0.001138
--------------------------------------------
input initialization time 0.000019
index calculation time 0.008513
other latency 0.001293, data transfer latency 0.000003, pim kernel latency 0.000002
index calculation time 0.008638
other latency 0.001310, data transfer latency 0.000003, pim kernel latency 0.000002
index calculation time 0.008791
other latency 0.001340, data transfer latency 0.000004, pim kernel latency 0.000002
index calculation time 0.009104
other latency 0.001354, data transfer latency 0.000004, pim kernel latency 0.000002
amm time 0.000978, non amm time 0.000127
attention reorder time 0.000005, attention cpu compute time 0.000066
post o reorder+norm+residual time 0.000015, gelu+ffn1 reorder time 0.000018, post ffn2 reorder+norm+residual time 0.000015
tensor allocation overhead time 0.000002, other non amm time 0.000006
reorder breakdown: qkv_to_attention 0.000005, o 0.000002, ffn1 0.000004, ffn2 0.000002
host breakdown: attention 0.000066, reorder 0.000013, other 0.000048
iteration 11, inference time 0.001111
--------------------------------------------
input initialization time 0.000019
index calculation time 0.009266
other latency 0.001401, data transfer latency 0.000004, pim kernel latency 0.000002
index calculation time 0.009391
other latency 0.001416, data transfer latency 0.000005, pim kernel latency 0.000002
index calculation time 0.009544
other latency 0.001449, data transfer latency 0.000005, pim kernel latency 0.000002
index calculation time 0.009867
other latency 0.001464, data transfer latency 0.000005, pim kernel latency 0.000002
amm time 0.000991, non amm time 0.000125
attention reorder time 0.000005, attention cpu compute time 0.000066
post o reorder+norm+residual time 0.000015, gelu+ffn1 reorder time 0.000017, post ffn2 reorder+norm+residual time 0.000015
tensor allocation overhead time 0.000002, other non amm time 0.000005
reorder breakdown: qkv_to_attention 0.000005, o 0.000002, ffn1 0.000004, ffn2 0.000002
host breakdown: attention 0.000066, reorder 0.000013, other 0.000046
iteration 12, inference time 0.001121
--------------------------------------------
input initialization time 0.000018
index calculation time 0.010021
other latency 0.001509, data transfer latency 0.000005, pim kernel latency 0.000002
index calculation time 0.010142
other latency 0.001524, data transfer latency 0.000005, pim kernel latency 0.000002
index calculation time 0.010296
other latency 0.001554, data transfer latency 0.000005, pim kernel latency 0.000002
index calculation time 0.010581
other latency 0.001569, data transfer latency 0.000005, pim kernel latency 0.000002
amm time 0.000908, non amm time 0.000120
attention reorder time 0.000005, attention cpu compute time 0.000064
post o reorder+norm+residual time 0.000014, gelu+ffn1 reorder time 0.000016, post ffn2 reorder+norm+residual time 0.000015
tensor allocation overhead time 0.000001, other non amm time 0.000005
reorder breakdown: qkv_to_attention 0.000005, o 0.000002, ffn1 0.000004, ffn2 0.000002
host breakdown: attention 0.000064, reorder 0.000013, other 0.000043
iteration 13, inference time 0.001035
--------------------------------------------
input initialization time 0.000018
index calculation time 0.010736
other latency 0.001613, data transfer latency 0.000005, pim kernel latency 0.000002
index calculation time 0.010856
other latency 0.001627, data transfer latency 0.000005, pim kernel latency 0.000002
index calculation time 0.011015
other latency 0.001659, data transfer latency 0.000005, pim kernel latency 0.000002
index calculation time 0.011301
other latency 0.001674, data transfer latency 0.000005, pim kernel latency 0.000002
amm time 0.000909, non amm time 0.000119
attention reorder time 0.000005, attention cpu compute time 0.000063
post o reorder+norm+residual time 0.000015, gelu+ffn1 reorder time 0.000017, post ffn2 reorder+norm+residual time 0.000015
tensor allocation overhead time 0.000002, other non amm time 0.000002
reorder breakdown: qkv_to_attention 0.000005, o 0.000003, ffn1 0.000004, ffn2 0.000002
host breakdown: attention 0.000063, reorder 0.000014, other 0.000042
iteration 14, inference time 0.001033
--------------------------------------------
10 rounds' average inference time 0.001093

----------Transformer Params----------
thread num 1
layer num 1
PIM LUT binaries ./build/bin/dpu_bin_qkv ./build/bin/dpu_bin_o ./build/bin/dpu_bin_ffn1 ./build/bin/dpu_bin_ffn2
----------QKV LUT Params----------
index calc params:
num_threads 1
n 64, input feature len 32
num codebook 16, num centroid 16, sub vec len 2
n stile size 64, cb mtile size 16
lut kernel params:
n 64, output feature len 96, num codebook 16, num centroid 16
scale 0.100000, bias 0.200000
num threads 1, dpu num 1
input parallelism 1, lut parallelism 1, feature stile size 96, n stile size 64
n mtile size 64, feature mtile size 16, cb mtile size 16
lut load type 0, feature load tile size 8, cb load tile size 16
----------O LUT Params----------
index calc params:
num_threads 1
n 64, input feature len 32
num codebook 16, num centroid 16, sub vec len 2
n stile size 64, cb mtile size 16
lut kernel params:
n 64, output feature len 32, num codebook 16, num centroid 16
scale 0.100000, bias 0.200000
num threads 1, dpu num 1
input parallelism 1, lut parallelism 1, feature stile size 32, n stile size 64
n mtile size 64, feature mtile size 16, cb mtile size 16
lut load type 0, feature load tile size 8, cb load tile size 16
----------FFN1 LUT Params----------
index calc params:
num_threads 1
n 64, input feature len 32
num codebook 16, num centroid 16, sub vec len 2
n stile size 64, cb mtile size 16
lut kernel params:
n 64, output feature len 64, num codebook 16, num centroid 16
scale 0.100000, bias 0.200000
num threads 1, dpu num 1
input parallelism 1, lut parallelism 1, feature stile size 64, n stile size 64
n mtile size 64, feature mtile size 16, cb mtile size 16
lut load type 0, feature load tile size 8, cb load tile size 16
----------FFN2 LUT Params----------
index calc params:
num_threads 1
n 64, input feature len 64
num codebook 32, num centroid 16, sub vec len 2
n stile size 64, cb mtile size 16
lut kernel params:
n 64, output feature len 32, num codebook 32, num centroid 16
scale 0.100000, bias 0.200000
num threads 1, dpu num 1
input parallelism 1, lut parallelism 1, feature stile size 32, n stile size 64
n mtile size 64, feature mtile size 16, cb mtile size 16
lut load type 0, feature load tile size 8, cb load tile size 16
----------Attention Params----------
seq len 64, batch size 1, n 64
head num 1, head dim 32, token dim 32
dpu num 1, input parallelism 1, lut parallelism 1
n tile size 64, token tile size 32
num threads 1
-----------------------------------
parameter parsing time 0.001044
weight initialization time 0.002924
dpu allocate time 0.000001
--------------------------------------------
input initialization time 0.000021
index calculation time 0.000166
other latency 0.000052, data transfer latency 0.000000, pim kernel latency 0.000000
index calculation time 0.000286
other latency 0.000070, data transfer latency 0.000000, pim kernel latency 0.000000
index calculation time 0.000436
other latency 0.000109, data transfer latency 0.000000, pim kernel latency 0.000000
index calculation time 0.000724
other latency 0.000128, data transfer latency 0.000000, pim kernel latency 0.000000
amm time 0.000964, non amm time 0.000230
attention reorder time 0.000012, attention cpu compute time 0.000072
post o reorder+norm+residual time 0.000023, gelu+ffn1 reorder time 0.000037, post ffn2 reorder+norm+residual time 0.000022
tensor allocation overhead time 0.000006, other non amm time 0.000058
reorder breakdown: qkv_to_attention 0.000012, o 0.000006, ffn1 0.000009, ffn2 0.000006
host breakdown: attention 0.000072, reorder 0.000033, other 0.000125
iteration 0, inference time 0.001204
--------------------------------------------
input initialization time 0.000019
index calculation time 0.000880
other latency 0.000171, data transfer latency 0.000000, pim kernel latency 0.000000
index calculation time 0.001000
other latency 0.000185, data transfer latency 0.000000, pim kernel latency 0.000000
index calculation time 0.001192
other latency 0.000220, data transfer latency 0.000000, pim kernel latency 0.000000
index calculation time 0.001481
other latency 0.000235, data transfer latency 0.000000, pim kernel latency 0.000000
amm time 0.000957, non amm time 0.000126
attention reorder time 0.000005, attention cpu compute time 0.000063
post o reorder+norm+residual time 0.000015, gelu+ffn1 reorder time 0.000019, post ffn2 reorder+norm+residual time 0.000016
tensor allocation overhead time 0.000003, other non amm time 0.000005
reorder breakdown: qkv_to_attention 0.000005, o 0.000003, ffn1 0.000004, ffn2 0.000003
host breakdown: attention 0.000063, reorder 0.000015, other 0.000048
iteration 1, inference time 0.001089
--------------------------------------------
input initialization time 0.000018
index calculation time 0.001636
other latency 0.000280, data transfer latency 0.000000, pim kernel latency 0.000000
index calculation time 0.001755
other latency 0.000294, data transfer latency 0.000001, pim kernel latency 0.000000
index calculation time 0.001913
other latency 0.000327, data transfer latency 0.000001, pim kernel latency 0.000000
index calculation time 0.002201
other latency 0.000342, data transfer latency 0.000001, pim kernel latency 0.000000
amm time 0.000922, non amm time 0.000132
attention reorder time 0.000004, attention cpu compute time 0.000063
post o reorder+norm+residual time 0.000014, gelu+ffn1 reorder time 0.000028, post ffn2 reorder+norm+residual time 0.000016
tensor allocation overhead time 0.000001, other non amm time 0.000006
reorder breakdown: qkv_to_attention 0.000004, o 0.000002, ffn1 0.000007, ffn2 0.000003
host breakdown: attention 0.000063, reorder 0.000016, other 0.000053
iteration 2, inference time 0.001058
--------------------------------------------
input initialization time 0.000018
index calculation time 0.002357
other latency 0.000388, data transfer latency 0.000001, pim kernel latency 0.000000
index calculation time 0.002486
other latency 0.000403, data transfer latency 0.000001, pim kernel latency 0.000000
index calculation time 0.002632
other latency 0.000434, data transfer latency 0.000001, pim kernel latency 0.000000
index calculation time 0.002919
other latency 0.000448, data transfer latency 0.000001, pim kernel latency 0.000000
amm time 0.000908, non amm time 0.000121
attention reorder time 0.000005, attention cpu compute time 0.000063
post o reorder+norm+residual time 0.000015, gelu+ffn1 reorder time 0.000017, post ffn2 reorder+norm+residual time 0.000015
tensor allocation overhead time 0.000002, other non amm time 0.000004
reorder breakdown: qkv_to_attention 0.000005, o 0.000003, ffn1 0.000004, ffn2 0.000002
host breakdown: attention 0.000063, reorder 0.000014, other 0.000044
iteration 3, inference time 0.001034
--------------------------------------------
input initialization time 0.000018
index calculation time 0.003074
other latency 0.000493, data transfer latency 0.000001, pim kernel latency 0.000000
index calculation time 0.003201
other latency 0.000508, data transfer latency 0.000001, pim kernel latency 0.000000
index calculation time 0.003347
other latency 0.000537, data transfer latency 0.000001, pim kernel latency 0.000000
index calculation time 0.003633
other latency 0.000552, data transfer latency 0.000001, pim kernel latency 0.000000
amm time 0.000928, non amm time 0.000117
attention reorder time 0.000004, attention cpu compute time 0.000062
post o reorder+norm+residual time 0.000014, gelu+ffn1 reorder time 0.000016, post ffn2 reorder+norm+residual time 0.000015
tensor allocation overhead time 0.000001, other non amm time 0.000005
reorder breakdown: qkv_to_attention 0.000004, o 0.000002, ffn1 0.000004, ffn2 0.000002
host breakdown: attention 0.000062, reorder 0.000012, other 0.000043
iteration 4, inference time 0.001051
--------------------------------------------
input initialization time 0.000018
index calculation time 0.003788
other latency 0.000597, data transfer latency 0.000001, pim kernel latency 0.000000
index calculation time 0.003908
other latency 0.000611, data transfer latency 0.000002, pim kernel latency 0.000000
index calculation time 0.004083
other latency 0.000643, data transfer latency 0.000002, pim kernel latency 0.000000
index calculation time 0.004370
other latency 0.000658, data transfer latency 0.000002, pim kernel latency 0.000000
amm time 0.000926, non amm time 0.000128
attention reorder time 0.000004, attention cpu compute time 0.000071
post o reorder+norm+residual time 0.000015, gelu+ffn1 reorder time 0.000016, post ffn2 reorder+norm+residual time 0.000016
tensor allocation overhead time 0.000002, other non amm time 0.000004
reorder breakdown: qkv_to_attention 0.000004, o 0.000003, ffn1 0.000004, ffn2 0.000004
host breakdown: attention 0.000071, reorder 0.000015, other 0.000042
iteration 5, inference time 0.001059
--------------------------------------------
input initialization time 0.000018
index calculation time 0.004524
other latency 0.000714, data transfer latency 0.000002, pim kernel latency 0.000000
index calculation time 0.004645
other latency 0.000728, data transfer latency 0.000002, pim kernel latency 0.000000
index calculation time 0.004791
other latency 0.000757, data transfer latency 0.000002, pim kernel latency 0.000000
index calculation time 0.005079
other latency 0.000772, data transfer latency 0.000002, pim kernel latency 0.000000
amm time 0.000912, non amm time 0.000117
attention reorder time 0.000005, attention cpu compute time 0.000062
post o reorder+norm+residual time 0.000014, gelu+ffn1 reorder time 0.000016, post ffn2 reorder+norm+residual time 0.000015
tensor allocation overhead time 0.000000, other non amm time 0.000005
reorder breakdown: qkv_to_attention 0.000005, o 0.000002, ffn1 0.000004, ffn2 0.000002
host breakdown: attention 0.000062, reorder 0.000013, other 0.000042
iteration 6, inference time 0.001035
--------------------------------------------
input initialization time 0.000018
index calculation time 0.005318
other latency 0.000817, data transfer latency 0.000002, pim kernel latency 0.000000
index calculation time 0.005446
other latency 0.000832, data transfer latency 0.000002, pim kernel latency 0.000000
index calculation time 0.005594
other latency 0.000863, data transfer latency 0.000002, pim kernel latency 0.000000
index calculation time 0.005879
other latency 0.000878, data transfer latency 0.000002, pim kernel latency 0.000000
amm time 0.000996, non amm time 0.000121
attention reorder time 0.000005, attention cpu compute time 0.000063
post o reorder+norm+residual time 0.000015, gelu+ffn1 reorder time 0.000017, post ffn2 reorder+norm+residual time 0.000016
tensor allocation overhead time 0.000000, other non amm time 0.000005
reorder breakdown: qkv_to_attention 0.000005, o 0.000004, ffn1 0.000004, ffn2 0.000003
host breakdown: attention 0.000063, reorder 0.000016, other 0.000042
iteration 7, inference time 0.001122
--------------------------------------------
input initialization time 0.000025
index calculation time 0.006033
other latency 0.000924, data transfer latency 0.000002, pim kernel latency 0.000001
index calculation time 0.006153
other latency 0.000939, data transfer latency 0.000002, pim kernel latency 0.000001
index calculation time 0.006299
other latency 0.000967, data transfer latency 0.000002, pim kernel latency 0.000001
index calculation time 0.006592
other latency 0.000982, data transfer latency 0.000002, pim kernel latency 0.000001
amm time 0.000929, non amm time 0.000118
attention reorder time 0.000004, attention cpu compute time 0.000062
post o reorder+norm+residual time 0.000014, gelu+ffn1 reorder time 0.000016, post ffn2 reorder+norm+residual time 0.000016
tensor allocation overhead time 0.000000, other non amm time 0.000006
reorder breakdown: qkv_to_attention 0.000004, o 0.000003, ffn1 0.000004, ffn2 0.000003
host breakdown: attention 0.000062, reorder 0.000014, other 0.000042
iteration 8, inference time 0.001053
--------------------------------------------
input initialization time 0.000018
index calculation time 0.006745
other latency 0.001027, data transfer latency 0.000002, pim kernel latency 0.000001
index calculation time 0.006865
other latency 0.001041, data transfer latency 0.000002, pim kernel latency 0.000001
index calculation time 0.007012
other latency 0.001069, data transfer latency 0.000002, pim kernel latency 0.000001
index calculation time 0.007309
other latency 0.001084, data transfer latency 0.000002, pim kernel latency 0.000001
amm time 0.000908, non amm time 0.000119
attention reorder time 0.000005, attention cpu compute time 0.000063
post o reorder+norm+residual time 0.000014, gelu+ffn1 reorder time 0.000016, post ffn2 reorder+norm+residual time 0.000016
tensor allocation overhead time 0.000000, other non amm time 0.000005
reorder breakdown: qkv_to_attention 0.000005, o 0.000003, ffn1 0.000004, ffn2 0.000003
host breakdown: attention 0.000063, reorder 0.000015, other 0.000041
iteration 9, inference time 0.001033
--------------------------------------------
input initialization time 0.000017
index calculation time 0.007463
other latency 0.001130, data transfer latency 0.000002, pim kernel latency 0.000001
index calculation time 0.007619
other latency 0.001150, data transfer latency 0.000002, pim kernel latency 0.000001
index calculation time 0.007785
other latency 0.001185, data transfer latency 0.000002, pim kernel latency 0.000001
index calculation time 0.008083
other latency 0.001200, data transfer latency 0.000002, pim kernel latency 0.000001
amm time 0.001006, non amm time 0.000174
attention reorder time 0.000007, attention cpu compute time 0.000102
post o reorder+norm+residual time 0.000019, gelu+ffn1 reorder time 0.000022, post ffn2 reorder+norm+residual time 0.000016
tensor allocation overhead time 0.000001, other non amm time 0.000007
reorder breakdown: qkv_to_attention 0.000007, o 0.000004, ffn1 0.000004, ffn2 0.000003
host breakdown: attention 0.000102, reorder 0.000018, other 0.000054
iteration 10, inference time 0.001187
--------------------------------------------
input initialization time 0.000017
index calculation time 0.008291
other latency 0.001263, data transfer latency 0.000002, pim kernel latency 0.000001
index calculation time 0.008411
other latency 0.001279, data transfer latency 0.000002, pim kernel latency 0.000001
index calculation time 0.008574
other latency 0.001308, data transfer latency 0.000002, pim kernel latency 0.000001
index calculation time 0.008891
other latency 0.001322, data transfer latency 0.000003, pim kernel latency 0.000001
amm time 0.001053, non amm time 0.000151
attention reorder time 0.000005, attention cpu compute time 0.000065
post o reorder+norm+residual time 0.000015, gelu+ffn1 reorder time 0.000041, post ffn2 reorder+norm+residual time 0.000016
tensor allocation overhead time 0.000000, other non amm time 0.000009
reorder breakdown: qkv_to_attention 0.000005, o 0.000003, ffn1 0.000004, ffn2 0.000003
host breakdown: attention 0.000065, reorder 0.000015, other 0.000071
iteration 11, inference time 0.001210
--------------------------------------------
input initialization time 0.000017
index calculation time 0.009047
other latency 0.001367, data transfer latency 0.000003, pim kernel latency 0.000001
index calculation time 0.009177
other latency 0.001382, data transfer latency 0.000003, pim kernel latency 0.000001
index calculation time 0.009325
other latency 0.001415, data transfer latency 0.000003, pim kernel latency 0.000001
index calculation time 0.009614
other latency 0.001430, data transfer latency 0.000003, pim kernel latency 0.000002
amm time 0.000962, non amm time 0.000133
attention reorder time 0.000005, attention cpu compute time 0.000064
post o reorder+norm+residual time 0.000015, gelu+ffn1 reorder time 0.000027, post ffn2 reorder+norm+residual time 0.000016
tensor allocation overhead time 0.000000, other non amm time 0.000006
reorder breakdown: qkv_to_attention 0.000005, o 0.000003, ffn1 0.000004, ffn2 0.000003
host breakdown: attention 0.000064, reorder 0.000015, other 0.000054
iteration 12, inference time 0.001101
--------------------------------------------
input initialization time 0.000018
index calculation time 0.009770
other latency 0.001476, data transfer latency 0.000003, pim kernel latency 0.000002
index calculation time 0.009891
other latency 0.001491, data transfer latency 0.000003, pim kernel latency 0.000002
index calculation time 0.010057
other latency 0.001520, data transfer latency 0.000003, pim kernel latency 0.000002
index calculation time 0.010356
other latency 0.001537, data transfer latency 0.000003, pim kernel latency 0.000002
amm time 0.000952, non amm time 0.000156
attention reorder time 0.000006, attention cpu compute time 0.000084
post o reorder+norm+residual time 0.000014, gelu+ffn1 reorder time 0.000028, post ffn2 reorder+norm+residual time 0.000016
tensor allocation overhead time 0.000001, other non amm time 0.000007
reorder breakdown: qkv_to_attention 0.000006, o 0.000002, ffn1 0.000004, ffn2 0.000002
host breakdown: attention 0.000084, reorder 0.000014, other 0.000058
iteration 13, inference time 0.001114
--------------------------------------------
input initialization time 0.000019
index calculation time 0.010525
other latency 0.001583, data transfer latency 0.000003, pim kernel latency 0.000002
index calculation time 0.010650
other latency 0.001611, data transfer latency 0.000003, pim kernel latency 0.000002
index calculation time 0.010797
other latency 0.001643, data transfer latency 0.000003, pim kernel latency 0.000002
index calculation time 0.011085
other latency 0.001657, data transfer latency 0.000003, pim kernel latency 0.000002
amm time 0.000935, non amm time 0.000125
attention reorder time 0.000005, attention cpu compute time 0.000066
post o reorder+norm+residual time 0.000014, gelu+ffn1 reorder time 0.000017, post ffn2 reorder+norm+residual time 0.000015
tensor allocation overhead time 0.000003, other non amm time 0.000005
reorder breakdown: qkv_to_attention 0.000005, o 0.000002, ffn1 0.000003, ffn2 0.000002
host breakdown: attention 0.000066, reorder 0.000012, other 0.000046
iteration 14, inference time 0.001065
--------------------------------------------
10 rounds' average inference time 0.001098
